family,qubits,depth,implementation,repeat,warmup,order_index,status,execution_ms,expectation_z0,exact_expectation_z0,exact_absolute_error,maximum_bond_dimension_reached,truncation_events,relative_discarded_weight_max,state_norm,svd_calls,svd_total_ms,routing_swaps,routing_naive_restore_swaps,accuracy_classification,error
ghz_chain,1000,1,mettleq_cpu_routed,0,True,0,completed,206.480708,6.060234297225042e-05,,,2,0,0.0,0.9999999828859031,999,11.654411999999953,0,0,no_local_truncation_observed,
ghz_chain,1000,1,mettleq_cpu_restore,0,True,1,completed,203.030042,6.060234297225042e-05,,,2,0,0.0,0.9999999828859031,999,11.27332599999997,0,0,no_local_truncation_observed,
ghz_chain,1000,1,mettleq_gpu_routed,0,True,2,completed,787.2035,6.060234297225042e-05,,,2,0,0.0,0.9999999828859031,999,16.005989999999994,0,0,no_local_truncation_observed,
ghz_chain,1000,1,qiskit_aer_cpu_mps,0,True,3,completed,66.362458,0.0,,,,,,,,,,,,
ghz_chain,1000,1,mettleq_cpu_restore,1,False,0,completed,205.36875,6.060234297225042e-05,,,2,0,0.0,0.9999999828859031,999,11.505557999999974,0,0,no_local_truncation_observed,
ghz_chain,1000,1,mettleq_gpu_routed,1,False,1,completed,770.04825,6.060234297225042e-05,,,2,0,0.0,0.9999999828859031,999,16.337561000000008,0,0,no_local_truncation_observed,
ghz_chain,1000,1,qiskit_aer_cpu_mps,1,False,2,completed,61.399792,0.0,,,,,,,,,,,,
ghz_chain,1000,1,mettleq_cpu_routed,1,False,3,completed,211.602333,6.060234297225042e-05,,,2,0,0.0,0.9999999828859031,999,12.312968999999946,0,0,no_local_truncation_observed,
ghz_chain,1000,1,mettleq_gpu_routed,2,False,0,completed,623.601166,6.060234297225042e-05,,,2,0,0.0,0.9999999828859031,999,15.825929999999977,0,0,no_local_truncation_observed,
ghz_chain,1000,1,qiskit_aer_cpu_mps,2,False,1,completed,63.138916,0.0,,,,,,,,,,,,
ghz_chain,1000,1,mettleq_cpu_routed,2,False,2,completed,210.699583,6.060234297225042e-05,,,2,0,0.0,0.9999999828859031,999,12.085215999999958,0,0,no_local_truncation_observed,
ghz_chain,1000,1,mettleq_cpu_restore,2,False,3,completed,207.775958,6.060234297225042e-05,,,2,0,0.0,0.9999999828859031,999,11.788333999999955,0,0,no_local_truncation_observed,
ghz_chain,1000,1,qiskit_aer_cpu_mps,3,False,0,completed,63.005875,0.0,,,,,,,,,,,,
ghz_chain,1000,1,mettleq_cpu_routed,3,False,1,completed,204.116375,6.060234297225042e-05,,,2,0,0.0,0.9999999828859031,999,11.350622999999953,0,0,no_local_truncation_observed,
ghz_chain,1000,1,mettleq_cpu_restore,3,False,2,completed,205.038125,6.060234297225042e-05,,,2,0,0.0,0.9999999828859031,999,11.377292999999973,0,0,no_local_truncation_observed,
ghz_chain,1000,1,mettleq_gpu_routed,3,False,3,completed,625.775416,6.060234297225042e-05,,,2,0,0.0,0.9999999828859031,999,15.15391299999997,0,0,no_local_truncation_observed,
line_brickwork,100,8,mettleq_cpu_routed,0,True,0,completed,68.29825,-0.5203978987983079,,,8,310,9.04607766183637e-21,1.000000055945622,396,7.255209000000002,0,0,within_configured_local_thresholds,
line_brickwork,100,8,mettleq_cpu_restore,0,True,1,completed,66.1735,-0.5203978987983079,,,8,310,9.04607766183637e-21,1.000000055945622,396,7.141029999999992,0,0,within_configured_local_thresholds,
line_brickwork,100,8,mettleq_gpu_routed,0,True,2,completed,539.2555,-0.5203971398928225,,,8,312,9.808600681991152e-21,1.0000000595072045,396,10.357991,0,0,within_configured_local_thresholds,
line_brickwork,100,8,qiskit_aer_cpu_mps,0,True,3,completed,32.354417,-0.5203962988061519,,,,,,,,,,,,
line_brickwork,100,8,mettleq_cpu_restore,1,False,0,completed,71.381916,-0.5203978987983079,,,8,310,9.04607766183637e-21,1.000000055945622,396,7.476585999999999,0,0,within_configured_local_thresholds,
line_brickwork,100,8,mettleq_gpu_routed,1,False,1,completed,569.081,-0.5203971398928225,,,8,312,9.808600681991152e-21,1.0000000595072045,396,11.015370999999984,0,0,within_configured_local_thresholds,
line_brickwork,100,8,qiskit_aer_cpu_mps,1,False,2,completed,30.406917,-0.5203962988061519,,,,,,,,,,,,
line_brickwork,100,8,mettleq_cpu_routed,1,False,3,completed,68.701167,-0.5203978987983079,,,8,310,9.04607766183637e-21,1.000000055945622,396,7.2919630000000035,0,0,within_configured_local_thresholds,
line_brickwork,100,8,mettleq_gpu_routed,2,False,0,completed,565.71025,-0.5203971398928225,,,8,312,9.808600681991152e-21,1.0000000595072045,396,11.122164,0,0,within_configured_local_thresholds,
line_brickwork,100,8,qiskit_aer_cpu_mps,2,False,1,completed,30.233958,-0.5203962988061519,,,,,,,,,,,,
line_brickwork,100,8,mettleq_cpu_routed,2,False,2,completed,70.287875,-0.5203978987983079,,,8,310,9.04607766183637e-21,1.000000055945622,396,7.416047,0,0,within_configured_local_thresholds,
line_brickwork,100,8,mettleq_cpu_restore,2,False,3,completed,71.211292,-0.5203978987983079,,,8,310,9.04607766183637e-21,1.000000055945622,396,7.553156000000005,0,0,within_configured_local_thresholds,
line_brickwork,100,8,qiskit_aer_cpu_mps,3,False,0,completed,31.397375,-0.5203962988061519,,,,,,,,,,,,
line_brickwork,100,8,mettleq_cpu_routed,3,False,1,completed,72.231417,-0.5203978987983079,,,8,310,9.04607766183637e-21,1.000000055945622,396,7.477207999999999,0,0,within_configured_local_thresholds,
line_brickwork,100,8,mettleq_cpu_restore,3,False,2,completed,69.624875,-0.5203978987983079,,,8,310,9.04607766183637e-21,1.000000055945622,396,7.367523999999995,0,0,within_configured_local_thresholds,
line_brickwork,100,8,mettleq_gpu_routed,3,False,3,completed,505.1745,-0.5203971398928225,,,8,312,9.808600681991152e-21,1.0000000595072045,396,10.336287,0,0,within_configured_local_thresholds,
ring_brickwork,50,2,mettleq_cpu_routed,0,True,0,completed,20.70825,-0.15403436384452024,,,11,45,1.4352417374888852e-20,1.000000005740071,147,2.7413710000000013,96,192,within_configured_local_thresholds,
ring_brickwork,50,2,mettleq_cpu_restore,0,True,1,completed,37.554583,-0.1540342878808958,,,36,67,1.7145663077538776e-20,0.9999999999061457,243,11.239703000000008,192,192,within_configured_local_thresholds,
ring_brickwork,50,2,mettleq_gpu_routed,0,True,2,completed,110.673875,-0.1540348226131021,,,11,45,1.1109549320269088e-20,0.999999921407883,147,3.377421,96,192,within_configured_local_thresholds,
ring_brickwork,50,2,qiskit_aer_cpu_mps,0,True,3,completed,6.575458,-0.15403429413193478,,,,,,,,,,,,
ring_brickwork,50,2,mettleq_cpu_restore,1,False,0,completed,37.023958,-0.1540342878808958,,,36,67,1.7145663077538776e-20,0.9999999999061457,243,10.862709,192,192,within_configured_local_thresholds,
ring_brickwork,50,2,mettleq_gpu_routed,1,False,1,completed,116.926,-0.1540348226131021,,,11,45,1.1109549320269088e-20,0.999999921407883,147,3.640369,96,192,within_configured_local_thresholds,
ring_brickwork,50,2,qiskit_aer_cpu_mps,1,False,2,completed,6.014375,-0.15403429413193478,,,,,,,,,,,,
ring_brickwork,50,2,mettleq_cpu_routed,1,False,3,completed,18.669875,-0.15403436384452024,,,11,45,1.4352417374888852e-20,1.000000005740071,147,2.5062889999999998,96,192,within_configured_local_thresholds,
ring_brickwork,50,2,mettleq_gpu_routed,2,False,0,completed,131.475792,-0.1540348226131021,,,11,45,1.1109549320269088e-20,0.999999921407883,147,3.553244999999999,96,192,within_configured_local_thresholds,
ring_brickwork,50,2,qiskit_aer_cpu_mps,2,False,1,completed,6.235541,-0.15403429413193478,,,,,,,,,,,,
ring_brickwork,50,2,mettleq_cpu_routed,2,False,2,completed,20.095167,-0.15403436384452024,,,11,45,1.4352417374888852e-20,1.000000005740071,147,2.7463709999999995,96,192,within_configured_local_thresholds,
ring_brickwork,50,2,mettleq_cpu_restore,2,False,3,completed,37.345291,-0.1540342878808958,,,36,67,1.7145663077538776e-20,0.9999999999061457,243,10.918830000000003,192,192,within_configured_local_thresholds,
ring_brickwork,50,2,qiskit_aer_cpu_mps,3,False,0,completed,6.323167,-0.15403429413193478,,,,,,,,,,,,
ring_brickwork,50,2,mettleq_cpu_routed,3,False,1,completed,19.05075,-0.15403436384452024,,,11,45,1.4352417374888852e-20,1.000000005740071,147,2.673948999999998,96,192,within_configured_local_thresholds,
ring_brickwork,50,2,mettleq_cpu_restore,3,False,2,completed,37.488666,-0.1540342878808958,,,36,67,1.7145663077538776e-20,0.9999999999061457,243,11.009658,192,192,within_configured_local_thresholds,
ring_brickwork,50,2,mettleq_gpu_routed,3,False,3,completed,120.754084,-0.1540348226131021,,,11,45,1.1109549320269088e-20,0.999999921407883,147,3.682326,96,192,within_configured_local_thresholds,
grid_2d,36,2,mettleq_cpu_routed,0,True,0,completed,175.635042,-0.1558923902325938,,,64,23,1.5708003874520108e-13,1.000000148513443,360,99.49599499999998,300,300,within_configured_local_thresholds,
grid_2d,36,2,mettleq_cpu_restore,0,True,1,completed,176.686833,-0.1558923902325938,,,64,23,1.5708003874520108e-13,1.000000148513443,360,100.45321700000002,300,300,within_configured_local_thresholds,
grid_2d,36,2,mettleq_gpu_routed,0,True,2,completed,397.506208,-0.155892302123288,,,64,22,1.669544142050991e-13,0.9999999716218949,360,103.19865800000002,300,300,within_configured_local_thresholds,
grid_2d,36,2,qiskit_aer_cpu_mps,0,True,3,completed,429.669167,-0.15589279649847534,,,,,,,,,,,,
grid_2d,36,2,mettleq_cpu_restore,1,False,0,completed,171.159167,-0.1558923902325938,,,64,23,1.5708003874520108e-13,1.000000148513443,360,98.251024,300,300,within_configured_local_thresholds,
grid_2d,36,2,mettleq_gpu_routed,1,False,1,completed,383.302917,-0.155892302123288,,,64,22,1.669544142050991e-13,0.9999999716218949,360,103.41250499999995,300,300,within_configured_local_thresholds,
grid_2d,36,2,qiskit_aer_cpu_mps,1,False,2,completed,422.491625,-0.15589279649847534,,,,,,,,,,,,
grid_2d,36,2,mettleq_cpu_routed,1,False,3,completed,170.47075,-0.1558923902325938,,,64,23,1.5708003874520108e-13,1.000000148513443,360,97.51482200000002,300,300,within_configured_local_thresholds,
grid_2d,36,2,mettleq_gpu_routed,2,False,0,completed,375.251084,-0.155892302123288,,,64,22,1.669544142050991e-13,0.9999999716218949,360,101.13020799999998,300,300,within_configured_local_thresholds,
grid_2d,36,2,qiskit_aer_cpu_mps,2,False,1,completed,435.387459,-0.15589279649847534,,,,,,,,,,,,
grid_2d,36,2,mettleq_cpu_routed,2,False,2,completed,178.112125,-0.1558923902325938,,,64,23,1.5708003874520108e-13,1.000000148513443,360,100.95317100000005,300,300,within_configured_local_thresholds,
grid_2d,36,2,mettleq_cpu_restore,2,False,3,completed,177.091667,-0.1558923902325938,,,64,23,1.5708003874520108e-13,1.000000148513443,360,100.75441900000001,300,300,within_configured_local_thresholds,
grid_2d,36,2,qiskit_aer_cpu_mps,3,False,0,completed,447.668167,-0.15589279649847534,,,,,,,,,,,,
grid_2d,36,2,mettleq_cpu_routed,3,False,1,completed,171.170208,-0.1558923902325938,,,64,23,1.5708003874520108e-13,1.000000148513443,360,97.93474299999995,300,300,within_configured_local_thresholds,
grid_2d,36,2,mettleq_cpu_restore,3,False,2,completed,171.986916,-0.1558923902325938,,,64,23,1.5708003874520108e-13,1.000000148513443,360,97.94903300000007,300,300,within_configured_local_thresholds,
grid_2d,36,2,mettleq_gpu_routed,3,False,3,completed,378.691625,-0.155892302123288,,,64,22,1.669544142050991e-13,0.9999999716218949,360,102.28983400000001,300,300,within_configured_local_thresholds,
rainbow,32,1,mettleq_cpu_routed,0,True,0,completed,503.903708,-0.08401367448509116,,,64,323,0.000429898076769837,0.999999982776133,496,264.69940600000007,480,480,threshold_exceeded,
rainbow,32,1,mettleq_cpu_restore,0,True,1,completed,698.567084,-0.0840227755173829,,,64,393,0.000806106159190095,0.9999999608365107,496,510.7400009999998,480,480,threshold_exceeded,
rainbow,32,1,mettleq_gpu_routed,0,True,2,completed,845.652583,-0.08400969197272669,,,64,324,0.00042989275517658036,1.0000000064407792,496,266.796131,480,480,threshold_exceeded,
rainbow,32,1,qiskit_aer_cpu_mps,0,True,3,completed,5.378542,-0.0839012508451415,,,,,,,,,,,,
rainbow,32,1,mettleq_cpu_restore,1,False,0,completed,690.555334,-0.0840227755173829,,,64,393,0.000806106159190095,0.9999999608365107,496,505.823689,480,480,threshold_exceeded,
rainbow,32,1,mettleq_gpu_routed,1,False,1,completed,847.58825,-0.08400969197272669,,,64,324,0.00042989275517658036,1.0000000064407792,496,266.00492299999996,480,480,threshold_exceeded,
rainbow,32,1,qiskit_aer_cpu_mps,1,False,2,completed,4.056292,-0.0839012508451415,,,,,,,,,,,,
rainbow,32,1,mettleq_cpu_routed,1,False,3,completed,500.046625,-0.08401367448509116,,,64,323,0.000429898076769837,0.999999982776133,496,262.7521869999999,480,480,threshold_exceeded,
rainbow,32,1,mettleq_gpu_routed,2,False,0,completed,814.442292,-0.08400969197272669,,,64,324,0.00042989275517658036,1.0000000064407792,496,267.28003900000004,480,480,threshold_exceeded,
rainbow,32,1,qiskit_aer_cpu_mps,2,False,1,completed,3.771583,-0.0839012508451415,,,,,,,,,,,,
rainbow,32,1,mettleq_cpu_routed,2,False,2,completed,500.273084,-0.08401367448509116,,,64,323,0.000429898076769837,0.999999982776133,496,263.55729399999984,480,480,threshold_exceeded,
rainbow,32,1,mettleq_cpu_restore,2,False,3,completed,705.651083,-0.0840227755173829,,,64,393,0.000806106159190095,0.9999999608365107,496,515.9637769999998,480,480,threshold_exceeded,
rainbow,32,1,qiskit_aer_cpu_mps,3,False,0,completed,3.757583,-0.0839012508451415,,,,,,,,,,,,
rainbow,32,1,mettleq_cpu_routed,3,False,1,completed,496.984417,-0.08401367448509116,,,64,323,0.000429898076769837,0.999999982776133,496,261.33616400000005,480,480,threshold_exceeded,
rainbow,32,1,mettleq_cpu_restore,3,False,2,completed,690.554833,-0.0840227755173829,,,64,393,0.000806106159190095,0.9999999608365107,496,506.405115,480,480,threshold_exceeded,
rainbow,32,1,mettleq_gpu_routed,3,False,3,completed,823.6395,-0.08400969197272669,,,64,324,0.00042989275517658036,1.0000000064407792,496,266.6406960000001,480,480,threshold_exceeded,
random_long_range,32,1,mettleq_cpu_routed,0,True,0,completed,186.537416,-0.08390261274925151,,,64,149,1.0332885470673787e-05,1.0000000315166526,250,100.44494499999998,234,288,threshold_exceeded,
random_long_range,32,1,mettleq_cpu_restore,0,True,1,completed,281.202,-0.08390299093510813,,,64,147,1.1989142987673795e-05,0.9999999851010699,304,175.26649399999997,288,288,threshold_exceeded,
random_long_range,32,1,mettleq_gpu_routed,0,True,2,completed,349.0225,-0.08390311861155507,,,64,151,1.0333198428786061e-05,1.0000000404633527,250,103.56679600000002,234,288,threshold_exceeded,
random_long_range,32,1,qiskit_aer_cpu_mps,0,True,3,completed,5.515125,-0.08390125084514068,,,,,,,,,,,,
random_long_range,32,1,mettleq_cpu_restore,1,False,0,completed,277.055333,-0.08390299093510813,,,64,147,1.1989142987673795e-05,0.9999999851010699,304,173.43078200000002,288,288,threshold_exceeded,
random_long_range,32,1,mettleq_gpu_routed,1,False,1,completed,340.830584,-0.08390311861155507,,,64,151,1.0333198428786061e-05,1.0000000404633527,250,103.579877,234,288,threshold_exceeded,
random_long_range,32,1,qiskit_aer_cpu_mps,1,False,2,completed,3.640667,-0.08390125084514068,,,,,,,,,,,,
random_long_range,32,1,mettleq_cpu_routed,1,False,3,completed,182.538416,-0.08390261274925151,,,64,149,1.0332885470673787e-05,1.0000000315166526,250,99.35232899999998,234,288,threshold_exceeded,
random_long_range,32,1,mettleq_gpu_routed,2,False,0,completed,338.045667,-0.08390311861155507,,,64,151,1.0333198428786061e-05,1.0000000404633527,250,103.97915200000001,234,288,threshold_exceeded,
random_long_range,32,1,qiskit_aer_cpu_mps,2,False,1,completed,3.475,-0.08390125084514068,,,,,,,,,,,,
random_long_range,32,1,mettleq_cpu_routed,2,False,2,completed,184.871292,-0.08390261274925151,,,64,149,1.0332885470673787e-05,1.0000000315166526,250,100.26920100000002,234,288,threshold_exceeded,
random_long_range,32,1,mettleq_cpu_restore,2,False,3,completed,278.791583,-0.08390299093510813,,,64,147,1.1989142987673795e-05,0.9999999851010699,304,173.9864459999999,288,288,threshold_exceeded,
random_long_range,32,1,qiskit_aer_cpu_mps,3,False,0,completed,3.599833,-0.08390125084514068,,,,,,,,,,,,
random_long_range,32,1,mettleq_cpu_routed,3,False,1,completed,183.296708,-0.08390261274925151,,,64,149,1.0332885470673787e-05,1.0000000315166526,250,99.84204200000002,234,288,threshold_exceeded,
random_long_range,32,1,mettleq_cpu_restore,3,False,2,completed,277.189167,-0.08390299093510813,,,64,147,1.1989142987673795e-05,0.9999999851010699,304,173.36890000000005,288,288,threshold_exceeded,
random_long_range,32,1,mettleq_gpu_routed,3,False,3,completed,351.143375,-0.08390311861155507,,,64,151,1.0333198428786061e-05,1.0000000404633527,250,103.28834200000001,234,288,threshold_exceeded,
all_to_all,20,1,mettleq_cpu_routed,0,True,0,completed,612.01525,-0.08390160404599246,-0.08390125084514166,3.5320085080281505e-07,64,137,8.573283215747105e-13,0.9999999733032509,574,344.1377840000003,384,2280,within_configured_local_thresholds,
all_to_all,20,1,mettleq_cpu_restore,0,True,1,completed,3652.21675,-0.08390395518047138,-0.08390125084514166,2.704335329714591e-06,64,1201,5.454243271108343e-13,0.9999999576161878,2470,2618.4988460000027,2280,2280,within_configured_local_thresholds,
all_to_all,20,1,mettleq_gpu_routed,0,True,2,completed,1004.963375,-0.08389981569528407,-0.08390125084514166,1.4351498575926325e-06,64,137,8.444445438771672e-13,0.9999999702088742,574,350.8167109999997,384,2280,within_configured_local_thresholds,
all_to_all,20,1,qiskit_aer_cpu_mps,0,True,3,completed,26.596625,-0.08390125094359094,-0.08390125084514166,9.84492765088163e-11,,,,,,,,,,
all_to_all,20,1,mettleq_cpu_restore,1,False,0,completed,3701.911958,-0.08390395518047138,-0.08390125084514166,2.704335329714591e-06,64,1201,5.454243271108343e-13,0.9999999576161878,2470,2647.1560129999925,2280,2280,within_configured_local_thresholds,
all_to_all,20,1,mettleq_gpu_routed,1,False,1,completed,972.447292,-0.08389981569528407,-0.08390125084514166,1.4351498575926325e-06,64,137,8.444445438771672e-13,0.9999999702088742,574,348.2464170000001,384,2280,within_configured_local_thresholds,
all_to_all,20,1,qiskit_aer_cpu_mps,1,False,2,completed,25.593416,-0.08390125094359094,-0.08390125084514166,9.84492765088163e-11,,,,,,,,,,
all_to_all,20,1,mettleq_cpu_routed,1,False,3,completed,609.702583,-0.08390160404599246,-0.08390125084514166,3.5320085080281505e-07,64,137,8.573283215747105e-13,0.9999999733032509,574,344.3205299999999,384,2280,within_configured_local_thresholds,
all_to_all,20,1,mettleq_gpu_routed,2,False,0,completed,971.959667,-0.08389981569528407,-0.08390125084514166,1.4351498575926325e-06,64,137,8.444445438771672e-13,0.9999999702088742,574,348.34398400000003,384,2280,within_configured_local_thresholds,
all_to_all,20,1,qiskit_aer_cpu_mps,2,False,1,completed,25.614125,-0.08390125094359094,-0.08390125084514166,9.84492765088163e-11,,,,,,,,,,
all_to_all,20,1,mettleq_cpu_routed,2,False,2,completed,602.907083,-0.08390160404599246,-0.08390125084514166,3.5320085080281505e-07,64,137,8.573283215747105e-13,0.9999999733032509,574,340.8049959999998,384,2280,within_configured_local_thresholds,
all_to_all,20,1,mettleq_cpu_restore,2,False,3,completed,3682.885542,-0.08390395518047138,-0.08390125084514166,2.704335329714591e-06,64,1201,5.454243271108343e-13,0.9999999576161878,2470,2637.2861090000024,2280,2280,within_configured_local_thresholds,
all_to_all,20,1,qiskit_aer_cpu_mps,3,False,0,completed,25.184,-0.08390125094359094,-0.08390125084514166,9.84492765088163e-11,,,,,,,,,,
all_to_all,20,1,mettleq_cpu_routed,3,False,1,completed,606.766708,-0.08390160404599246,-0.08390125084514166,3.5320085080281505e-07,64,137,8.573283215747105e-13,0.9999999733032509,574,342.0516200000001,384,2280,within_configured_local_thresholds,
all_to_all,20,1,mettleq_cpu_restore,3,False,2,completed,3646.502959,-0.08390395518047138,-0.08390125084514166,2.704335329714591e-06,64,1201,5.454243271108343e-13,0.9999999576161878,2470,2616.557200000002,2280,2280,within_configured_local_thresholds,
all_to_all,20,1,mettleq_gpu_routed,3,False,3,completed,1181.219917,-0.08389981569528407,-0.08390125084514166,1.4351498575926325e-06,64,137,8.444445438771672e-13,0.9999999702088742,574,362.56974499999995,384,2280,within_configured_local_thresholds,
