backend,benchmark,qubits,layers,run_index,warmup,wall_ms,cpu_s,state_size
lightning.qubit,qft,15,,0,True,8.525039000232937,0.00661007599999941,32768
lightning.qubit,qft,15,,1,False,6.2830330007273005,0.005534374000000675,32768
lightning.qubit,qft,15,,2,False,6.269195000641048,0.005396797000000397,32768
lightning.qubit,qft,15,,3,False,5.797724001240567,0.00506138600000039,32768
lightning.qubit,qft,20,,0,True,95.06410299945856,0.09464052399999989,1048576
lightning.qubit,qft,20,,1,False,90.05264799998258,0.0892957299999999,1048576
lightning.qubit,qft,20,,2,False,93.19607399993401,0.09213929699999923,1048576
lightning.qubit,qft,20,,3,False,88.85737499986135,0.08650011699999993,1048576
lightning.qubit,qft,24,,0,True,3104.0184710000176,3.1170966819999997,16777216
lightning.qubit,qft,24,,1,False,3006.803755999499,3.01510472,16777216
lightning.qubit,qft,24,,2,False,3035.360585001399,3.04637099,16777216
lightning.qubit,qft,24,,3,False,3077.8873170002043,3.048814393999999,16777216
lightning.qubit,qft,26,,0,True,14206.66765200076,14.150475775,67108864
lightning.qubit,qft,26,,1,False,14181.023323000773,14.248510877000001,67108864
lightning.qubit,qft,26,,2,False,14245.676620999802,14.311340068,67108864
lightning.qubit,qft,26,,3,False,14129.587100000208,14.019405358999997,67108864
lightning.qubit,qft,28,,0,True,63611.11142600021,63.58844387200001,268435456
lightning.qubit,qft,28,,1,False,62913.18244899958,62.808987478000006,268435456
lightning.qubit,qft,28,,2,False,62691.0263890004,62.584746120999995,268435456
lightning.qubit,qft,28,,3,False,63636.334818998876,63.53021221200004,268435456
lightning.qubit,qaoa_ring,15,6,0,True,12.717136998617207,0.011756302999970103,32768
lightning.qubit,qaoa_ring,15,6,1,False,9.158236000075703,0.008360864000053425,32768
lightning.qubit,qaoa_ring,15,6,2,False,9.331477000159794,0.008596250999971744,32768
lightning.qubit,qaoa_ring,15,6,3,False,9.918318999552866,0.009327238000025773,32768
lightning.qubit,qaoa_ring,20,6,0,True,141.77787300104683,0.14463403199999902,1048576
lightning.qubit,qaoa_ring,20,6,1,False,129.81677599964314,0.13184521600004473,1048576
lightning.qubit,qaoa_ring,20,6,2,False,143.1220559989015,0.1457387990000143,1048576
lightning.qubit,qaoa_ring,20,6,3,False,146.57349800108932,0.14958145599996442,1048576
lightning.qubit,qaoa_ring,24,6,0,True,4157.379161999415,4.170824634000041,16777216
lightning.qubit,qaoa_ring,24,6,1,False,3868.4450029995787,3.866805004000014,16777216
lightning.qubit,qaoa_ring,24,6,2,False,3991.5243169998575,4.00822352299997,16777216
lightning.qubit,qaoa_ring,24,6,3,False,4133.959255999798,4.048841250999999,16777216
lightning.qubit,qaoa_ring,26,6,0,True,17158.783849999963,17.156668996999997,67108864
lightning.qubit,qaoa_ring,26,6,1,False,17365.656014000706,17.313089805000004,67108864
lightning.qubit,qaoa_ring,26,6,2,False,17250.689858999976,17.26376655499996,67108864
lightning.qubit,qaoa_ring,26,6,3,False,17301.190999000028,17.23255764999999,67108864
lightning.qubit,qaoa_ring,28,6,0,True,75540.79176699997,75.55344402999998,268435456
lightning.qubit,qaoa_ring,28,6,1,False,73559.06304699965,73.51111807499996,268435456
lightning.qubit,qaoa_ring,28,6,2,False,71365.9672850008,71.34259338699997,268435456
lightning.qubit,qaoa_ring,28,6,3,False,71361.25665399959,71.19990983900004,268435456
lightning.qubit,ghz,15,,0,True,6.082964000597713,0.004022974999998041,32768
lightning.qubit,ghz,15,,1,False,2.7893110000150045,0.0015177550000089468,32768
lightning.qubit,ghz,15,,2,False,3.0814140009169932,0.0017160219999823312,32768
lightning.qubit,ghz,15,,3,False,2.897309999752906,0.0017298960000289298,32768
lightning.qubit,ghz,20,,0,True,19.720772999789915,0.018654297000011866,1048576
lightning.qubit,ghz,20,,1,False,15.942337999149458,0.014655005000008714,1048576
lightning.qubit,ghz,20,,2,False,15.583004000291112,0.014369612999985293,1048576
lightning.qubit,ghz,20,,3,False,15.040007998322835,0.013685365000014826,1048576
lightning.qubit,ghz,24,,0,True,406.18364100009785,0.4074074830000427,16777216
lightning.qubit,ghz,24,,1,False,371.3481150007283,0.37246479299994917,16777216
lightning.qubit,ghz,24,,2,False,366.0340719998203,0.36651041799996165,16777216
lightning.qubit,ghz,24,,3,False,347.26597900044,0.3473713680000401,16777216
lightning.qubit,ghz,26,,0,True,1772.4640010001167,1.7691645609999114,67108864
lightning.qubit,ghz,26,,1,False,1318.6102390009182,1.3255089479999924,67108864
lightning.qubit,ghz,26,,2,False,1344.3635840012575,1.319467627999984,67108864
lightning.qubit,ghz,26,,3,False,1398.2943080009136,1.3738412789999757,67108864
lightning.qubit,ghz,28,,0,True,8104.454293999879,8.037504249999984,268435456
lightning.qubit,ghz,28,,1,False,6150.789072999032,6.139944514000035,268435456
lightning.qubit,ghz,28,,2,False,7156.278198001019,7.101155582000047,268435456
lightning.qubit,ghz,28,,3,False,5862.470564999967,5.886537315999931,268435456
lightning.qubit,grover_proxy,15,,0,True,5.450111000754987,0.003839820000052896,32768
lightning.qubit,grover_proxy,15,,1,False,4.124934999708785,0.0029875089999222837,32768
lightning.qubit,grover_proxy,15,,2,False,3.406694000659627,0.0023112600000558814,32768
lightning.qubit,grover_proxy,15,,3,False,3.6961589994461974,0.002737511000077575,32768
lightning.qubit,grover_proxy,20,,0,True,76.92621500063979,0.07649691900007838,1048576
lightning.qubit,grover_proxy,20,,1,False,74.96411899956001,0.07333578199995827,1048576
lightning.qubit,grover_proxy,20,,2,False,71.76207300108217,0.07097566000004463,1048576
lightning.qubit,grover_proxy,20,,3,False,76.28309299980174,0.0753472659999943,1048576
lightning.qubit,grover_proxy,24,,0,True,2402.9820899995684,2.3850422629999457,16777216
lightning.qubit,grover_proxy,24,,1,False,2401.178678001088,2.354149098999983,16777216
lightning.qubit,grover_proxy,24,,2,False,2391.822535000756,2.359140629999956,16777216
lightning.qubit,grover_proxy,24,,3,False,2345.9378669995203,2.3252666810000164,16777216
lightning.qubit,grover_proxy,26,,0,True,10156.508566000412,10.09861054999999,67108864
lightning.qubit,grover_proxy,26,,1,False,10102.668019999328,10.151188035999894,67108864
lightning.qubit,grover_proxy,26,,2,False,10196.511875001306,10.141075774,67108864
lightning.qubit,grover_proxy,26,,3,False,9634.225392001099,9.604518139999982,67108864
lightning.qubit,grover_proxy,28,,0,True,43889.44372200058,43.946931366999934,268435456
lightning.qubit,grover_proxy,28,,1,False,43912.141681999856,43.70473327600007,268435456
lightning.qubit,grover_proxy,28,,2,False,45267.792050000935,45.267644625,268435456
lightning.qubit,grover_proxy,28,,3,False,46226.86253500069,46.23290534599994,268435456
lightning.qubit,phase_estimation,15,,0,True,8.964748998550931,0.00714437099998122,32768
lightning.qubit,phase_estimation,15,,1,False,8.10711799931596,0.006776281000043127,32768
lightning.qubit,phase_estimation,15,,2,False,6.937495996680809,0.005722124999920197,32768
lightning.qubit,phase_estimation,15,,3,False,7.201123000413645,0.0059274850000292645,32768
lightning.qubit,phase_estimation,20,,0,True,118.76124000264099,0.11413884499995675,1048576
lightning.qubit,phase_estimation,20,,1,False,114.46010199870216,0.10822567000002437,1048576
lightning.qubit,phase_estimation,20,,2,False,114.40192200097954,0.11087676800002555,1048576
lightning.qubit,phase_estimation,20,,3,False,116.0921619994042,0.1108759020000889,1048576
lightning.qubit,phase_estimation,24,,0,True,3831.462810998346,3.7665298519999624,16777216
lightning.qubit,phase_estimation,24,,1,False,3762.4150320007175,3.734172236000063,16777216
lightning.qubit,phase_estimation,24,,2,False,3743.4732479996455,3.732885773000021,16777216
lightning.qubit,phase_estimation,24,,3,False,3814.0630640009476,3.806273831999988,16777216
lightning.qubit,phase_estimation,26,,0,True,16654.298576002475,16.679876835000073,67108864
lightning.qubit,phase_estimation,26,,1,False,16636.973239998042,16.58550589799995,67108864
lightning.qubit,phase_estimation,26,,2,False,16553.355097999884,16.580404946000044,67108864
lightning.qubit,phase_estimation,26,,3,False,16514.21478100019,16.420373703999985,67108864
lightning.qubit,phase_estimation,28,,0,True,74215.15072699913,74.26505256000019,268435456
lightning.qubit,phase_estimation,28,,1,False,72401.58929700192,72.17871911399993,268435456
lightning.qubit,phase_estimation,28,,2,False,68823.28802499978,68.82826040399982,268435456
lightning.qubit,phase_estimation,28,,3,False,68960.13762200164,68.91931615499993,268435456
lightning.qubit,tfim_trotter,15,,0,True,14.946993000194198,0.014052816000003077,32768
lightning.qubit,tfim_trotter,15,,1,False,14.18907400147873,0.013087816000052044,32768
lightning.qubit,tfim_trotter,15,,2,False,14.201437999872724,0.012811303000034968,32768
lightning.qubit,tfim_trotter,15,,3,False,16.446715999336448,0.015466743999922983,32768
lightning.qubit,tfim_trotter,20,,0,True,494.68279400025494,0.49642184200001793,1048576
lightning.qubit,tfim_trotter,20,,1,False,500.02814500112436,0.5014985889999934,1048576
lightning.qubit,tfim_trotter,20,,2,False,495.559933999175,0.49697337400016295,1048576
lightning.qubit,tfim_trotter,20,,3,False,508.6663389993191,0.5054103950001263,1048576
lightning.qubit,tfim_trotter,24,,0,True,15456.000589001633,15.352908526000192,16777216
lightning.qubit,tfim_trotter,24,,1,False,15383.83717599936,15.356552037000029,16777216
lightning.qubit,tfim_trotter,24,,2,False,14898.83496600305,14.739286558000003,16777216
lightning.qubit,tfim_trotter,24,,3,False,14588.426776001143,14.60852669299993,16777216
lightning.qubit,tfim_trotter,26,,0,True,65467.17614899899,65.54530410300003,67108864
lightning.qubit,tfim_trotter,26,,1,False,63101.35457800061,63.09873679399993,67108864
lightning.qubit,tfim_trotter,26,,2,False,62894.786493998254,62.86712350300013,67108864
lightning.qubit,tfim_trotter,26,,3,False,62981.95174899956,63.06370259000005,67108864
lightning.qubit,tfim_trotter,28,,0,True,270031.66224600136,269.9977786310001,268435456
lightning.qubit,tfim_trotter,28,,1,False,275371.8787780017,275.150748261,268435456
lightning.qubit,tfim_trotter,28,,2,False,279597.54748200066,279.723245101,268435456
lightning.qubit,tfim_trotter,28,,3,False,275818.30105700286,275.62344235699993,268435456
