backend,benchmark,qubits,layers,run_index,warmup,wall_ms,state_size
qiskit_aer_matrix_product_state_gpu,qft,15,,0,True,245.9272690000489,32768
qiskit_aer_matrix_product_state_gpu,qft,15,,1,False,14.78471699988404,32768
qiskit_aer_matrix_product_state_gpu,qft,15,,2,False,15.82328399990729,32768
qiskit_aer_matrix_product_state_gpu,qft,15,,3,False,15.344651999839698,32768
qiskit_aer_matrix_product_state_gpu,qft,20,,0,True,410.5526569999256,1048576
qiskit_aer_matrix_product_state_gpu,qft,20,,1,False,349.7860850000052,1048576
qiskit_aer_matrix_product_state_gpu,qft,20,,2,False,359.5582089999425,1048576
qiskit_aer_matrix_product_state_gpu,qft,20,,3,False,322.26513000000523,1048576
qiskit_aer_matrix_product_state_gpu,qft,24,,0,True,6813.8938649999545,16777216
qiskit_aer_matrix_product_state_gpu,qft,24,,1,False,6505.426291000049,16777216
qiskit_aer_matrix_product_state_gpu,qft,24,,2,False,6363.863927000011,16777216
qiskit_aer_matrix_product_state_gpu,qft,24,,3,False,6336.54076300013,16777216
qiskit_aer_matrix_product_state_gpu,qft,26,,0,True,35.451566999881834,1
qiskit_aer_matrix_product_state_gpu,qft,26,,1,False,17.48784500000511,1
qiskit_aer_matrix_product_state_gpu,qft,26,,2,False,18.665048999991996,1
qiskit_aer_matrix_product_state_gpu,qft,26,,3,False,19.111317000124473,1
qiskit_aer_matrix_product_state_gpu,qft,28,,0,True,32.37327700003334,1
qiskit_aer_matrix_product_state_gpu,qft,28,,1,False,21.29688500008342,1
qiskit_aer_matrix_product_state_gpu,qft,28,,2,False,22.60843399994883,1
qiskit_aer_matrix_product_state_gpu,qft,28,,3,False,22.35811799982912,1
qiskit_aer_matrix_product_state_gpu,qft,30,,0,True,30.465640000102212,1
qiskit_aer_matrix_product_state_gpu,qft,30,,1,False,26.41145900020092,1
qiskit_aer_matrix_product_state_gpu,qft,30,,2,False,28.438906000019415,1
qiskit_aer_matrix_product_state_gpu,qft,30,,3,False,27.145364999796584,1
qiskit_aer_matrix_product_state_gpu,qft,40,,0,True,55.270726000117065,1
qiskit_aer_matrix_product_state_gpu,qft,40,,1,False,51.94924600004924,1
qiskit_aer_matrix_product_state_gpu,qft,40,,2,False,53.235669000059715,1
qiskit_aer_matrix_product_state_gpu,qft,40,,3,False,59.31214099996396,1
qiskit_aer_matrix_product_state_gpu,qaoa_ring,15,6,0,True,215.1814030000878,32768
qiskit_aer_matrix_product_state_gpu,qaoa_ring,15,6,1,False,210.64049300002807,32768
qiskit_aer_matrix_product_state_gpu,qaoa_ring,15,6,2,False,209.51949799996328,32768
qiskit_aer_matrix_product_state_gpu,qaoa_ring,15,6,3,False,211.92498999994314,32768
qiskit_aer_matrix_product_state_gpu,qaoa_ring,20,6,0,True,1559.1890189998594,1048576
qiskit_aer_matrix_product_state_gpu,qaoa_ring,20,6,1,False,1539.716897000062,1048576
qiskit_aer_matrix_product_state_gpu,qaoa_ring,20,6,2,False,1517.713115000106,1048576
qiskit_aer_matrix_product_state_gpu,qaoa_ring,20,6,3,False,1503.1902409998565,1048576
qiskit_aer_matrix_product_state_gpu,qaoa_ring,24,6,0,True,14158.237484999972,16777216
qiskit_aer_matrix_product_state_gpu,qaoa_ring,24,6,1,False,14104.358330999958,16777216
qiskit_aer_matrix_product_state_gpu,qaoa_ring,24,6,2,False,14053.35983499981,16777216
qiskit_aer_matrix_product_state_gpu,qaoa_ring,24,6,3,False,13883.116083000004,16777216
qiskit_aer_matrix_product_state_gpu,qaoa_ring,26,6,0,True,1720.4100550002295,1
qiskit_aer_matrix_product_state_gpu,qaoa_ring,26,6,1,False,1661.2939040001038,1
qiskit_aer_matrix_product_state_gpu,qaoa_ring,26,6,2,False,1688.8616910000565,1
qiskit_aer_matrix_product_state_gpu,qaoa_ring,26,6,3,False,1699.8509649997686,1
qiskit_aer_matrix_product_state_gpu,qaoa_ring,28,6,0,True,1994.3852700002935,1
qiskit_aer_matrix_product_state_gpu,qaoa_ring,28,6,1,False,1977.6932659997328,1
qiskit_aer_matrix_product_state_gpu,qaoa_ring,28,6,2,False,1959.2888289998882,1
qiskit_aer_matrix_product_state_gpu,qaoa_ring,28,6,3,False,1943.7051439999777,1
qiskit_aer_matrix_product_state_gpu,qaoa_ring,30,6,0,True,2223.425944000155,1
qiskit_aer_matrix_product_state_gpu,qaoa_ring,30,6,1,False,2234.7863509999115,1
qiskit_aer_matrix_product_state_gpu,qaoa_ring,30,6,2,False,2217.0483759996387,1
qiskit_aer_matrix_product_state_gpu,qaoa_ring,30,6,3,False,2219.3960580002567,1
qiskit_aer_matrix_product_state_gpu,qaoa_ring,40,6,0,True,3600.2215850003267,1
qiskit_aer_matrix_product_state_gpu,qaoa_ring,40,6,1,False,3705.0618449998183,1
qiskit_aer_matrix_product_state_gpu,qaoa_ring,40,6,2,False,3698.940469000263,1
qiskit_aer_matrix_product_state_gpu,qaoa_ring,40,6,3,False,3696.9180679998317,1
qiskit_aer_matrix_product_state_gpu,ghz,15,,0,True,13.146945000244159,32768
qiskit_aer_matrix_product_state_gpu,ghz,15,,1,False,8.75705399994331,32768
qiskit_aer_matrix_product_state_gpu,ghz,15,,2,False,8.574024000154168,32768
qiskit_aer_matrix_product_state_gpu,ghz,15,,3,False,8.814147000066441,32768
qiskit_aer_matrix_product_state_gpu,ghz,20,,0,True,284.05560400005925,1048576
qiskit_aer_matrix_product_state_gpu,ghz,20,,1,False,283.5475609999776,1048576
qiskit_aer_matrix_product_state_gpu,ghz,20,,2,False,286.4601900000707,1048576
qiskit_aer_matrix_product_state_gpu,ghz,20,,3,False,286.67636699992727,1048576
qiskit_aer_matrix_product_state_gpu,ghz,24,,0,True,6467.433755000002,16777216
qiskit_aer_matrix_product_state_gpu,ghz,24,,1,False,6299.051318000238,16777216
qiskit_aer_matrix_product_state_gpu,ghz,24,,2,False,5955.529440000191,16777216
qiskit_aer_matrix_product_state_gpu,ghz,24,,3,False,6189.626842000052,16777216
qiskit_aer_matrix_product_state_gpu,ghz,26,,0,True,83.04696699997294,1
qiskit_aer_matrix_product_state_gpu,ghz,26,,1,False,4.828286999781994,1
qiskit_aer_matrix_product_state_gpu,ghz,26,,2,False,1.1690249998537183,1
qiskit_aer_matrix_product_state_gpu,ghz,26,,3,False,0.9558080000715563,1
qiskit_aer_matrix_product_state_gpu,ghz,28,,0,True,7.773718999942503,1
qiskit_aer_matrix_product_state_gpu,ghz,28,,1,False,1.1193200002708181,1
qiskit_aer_matrix_product_state_gpu,ghz,28,,2,False,1.1473509998722875,1
qiskit_aer_matrix_product_state_gpu,ghz,28,,3,False,1.2835590000577213,1
qiskit_aer_matrix_product_state_gpu,ghz,30,,0,True,4.7711110000818735,1
qiskit_aer_matrix_product_state_gpu,ghz,30,,1,False,1.915401000132988,1
qiskit_aer_matrix_product_state_gpu,ghz,30,,2,False,1.1914210003851622,1
qiskit_aer_matrix_product_state_gpu,ghz,30,,3,False,1.1345870002514857,1
qiskit_aer_matrix_product_state_gpu,ghz,40,,0,True,5.214586999954918,1
qiskit_aer_matrix_product_state_gpu,ghz,40,,1,False,1.3211909999881755,1
qiskit_aer_matrix_product_state_gpu,ghz,40,,2,False,2.395686999989266,1
qiskit_aer_matrix_product_state_gpu,ghz,40,,3,False,1.9369860001461348,1
qiskit_aer_matrix_product_state_gpu,grover_proxy,15,,0,True,13.657543000135774,32768
qiskit_aer_matrix_product_state_gpu,grover_proxy,15,,1,False,8.98724700027742,32768
qiskit_aer_matrix_product_state_gpu,grover_proxy,15,,2,False,9.128891000273143,32768
qiskit_aer_matrix_product_state_gpu,grover_proxy,15,,3,False,9.194517999731033,32768
qiskit_aer_matrix_product_state_gpu,grover_proxy,20,,0,True,274.7218099998463,1048576
qiskit_aer_matrix_product_state_gpu,grover_proxy,20,,1,False,272.34779999980674,1048576
qiskit_aer_matrix_product_state_gpu,grover_proxy,20,,2,False,272.63054900004136,1048576
qiskit_aer_matrix_product_state_gpu,grover_proxy,20,,3,False,274.66283500007194,1048576
qiskit_aer_matrix_product_state_gpu,grover_proxy,24,,0,True,5992.142323999815,16777216
qiskit_aer_matrix_product_state_gpu,grover_proxy,24,,1,False,5948.356472999876,16777216
qiskit_aer_matrix_product_state_gpu,grover_proxy,24,,2,False,6040.175804000228,16777216
qiskit_aer_matrix_product_state_gpu,grover_proxy,24,,3,False,6096.381317000123,16777216
qiskit_aer_matrix_product_state_gpu,grover_proxy,26,,0,True,8.768350000082137,1
qiskit_aer_matrix_product_state_gpu,grover_proxy,26,,1,False,5.35169600016161,1
qiskit_aer_matrix_product_state_gpu,grover_proxy,26,,2,False,8.123012999931234,1
qiskit_aer_matrix_product_state_gpu,grover_proxy,26,,3,False,4.131956000037462,1
qiskit_aer_matrix_product_state_gpu,grover_proxy,28,,0,True,6.366374000208452,1
qiskit_aer_matrix_product_state_gpu,grover_proxy,28,,1,False,3.2821959998727834,1
qiskit_aer_matrix_product_state_gpu,grover_proxy,28,,2,False,3.8480409998555842,1
qiskit_aer_matrix_product_state_gpu,grover_proxy,28,,3,False,2.496297000107006,1
qiskit_aer_matrix_product_state_gpu,grover_proxy,30,,0,True,8.451308999610774,1
qiskit_aer_matrix_product_state_gpu,grover_proxy,30,,1,False,3.2508600002074672,1
qiskit_aer_matrix_product_state_gpu,grover_proxy,30,,2,False,2.562391000083153,1
qiskit_aer_matrix_product_state_gpu,grover_proxy,30,,3,False,3.171012000166229,1
qiskit_aer_matrix_product_state_gpu,grover_proxy,40,,0,True,10.21630000013829,1
qiskit_aer_matrix_product_state_gpu,grover_proxy,40,,1,False,9.000473000014608,1
qiskit_aer_matrix_product_state_gpu,grover_proxy,40,,2,False,5.909576999783894,1
qiskit_aer_matrix_product_state_gpu,grover_proxy,40,,3,False,4.203632000098878,1
qiskit_aer_matrix_product_state_gpu,phase_estimation,15,,0,True,17.409649999990506,32768
qiskit_aer_matrix_product_state_gpu,phase_estimation,15,,1,False,12.991853000130504,32768
qiskit_aer_matrix_product_state_gpu,phase_estimation,15,,2,False,12.905654000405775,32768
qiskit_aer_matrix_product_state_gpu,phase_estimation,15,,3,False,12.64018700021552,32768
qiskit_aer_matrix_product_state_gpu,phase_estimation,20,,0,True,283.2202609997694,1048576
qiskit_aer_matrix_product_state_gpu,phase_estimation,20,,1,False,289.4491359998028,1048576
qiskit_aer_matrix_product_state_gpu,phase_estimation,20,,2,False,287.92044200008604,1048576
qiskit_aer_matrix_product_state_gpu,phase_estimation,20,,3,False,277.55500000012034,1048576
qiskit_aer_matrix_product_state_gpu,phase_estimation,24,,0,True,6161.25296600012,16777216
qiskit_aer_matrix_product_state_gpu,phase_estimation,24,,1,False,6224.014664000151,16777216
qiskit_aer_matrix_product_state_gpu,phase_estimation,24,,2,False,6249.240255000132,16777216
qiskit_aer_matrix_product_state_gpu,phase_estimation,24,,3,False,6217.6847290002115,16777216
qiskit_aer_matrix_product_state_gpu,phase_estimation,26,,0,True,28.2767500002592,1
qiskit_aer_matrix_product_state_gpu,phase_estimation,26,,1,False,26.240565999614773,1
qiskit_aer_matrix_product_state_gpu,phase_estimation,26,,2,False,18.248369000048115,1
qiskit_aer_matrix_product_state_gpu,phase_estimation,26,,3,False,26.654660000076547,1
qiskit_aer_matrix_product_state_gpu,phase_estimation,28,,0,True,32.43523900027867,1
qiskit_aer_matrix_product_state_gpu,phase_estimation,28,,1,False,21.505240999886155,1
qiskit_aer_matrix_product_state_gpu,phase_estimation,28,,2,False,31.645724000100017,1
qiskit_aer_matrix_product_state_gpu,phase_estimation,28,,3,False,29.353114000059577,1
qiskit_aer_matrix_product_state_gpu,phase_estimation,30,,0,True,25.911346999691887,1
qiskit_aer_matrix_product_state_gpu,phase_estimation,30,,1,False,35.24513400043361,1
qiskit_aer_matrix_product_state_gpu,phase_estimation,30,,2,False,32.427924999865354,1
qiskit_aer_matrix_product_state_gpu,phase_estimation,30,,3,False,32.517162000203825,1
qiskit_aer_matrix_product_state_gpu,phase_estimation,40,,0,True,49.048991999825375,1
qiskit_aer_matrix_product_state_gpu,phase_estimation,40,,1,False,45.22033900002498,1
qiskit_aer_matrix_product_state_gpu,phase_estimation,40,,2,False,54.89369900033125,1
qiskit_aer_matrix_product_state_gpu,phase_estimation,40,,3,False,55.924638000306004,1
qiskit_aer_matrix_product_state_gpu,tfim_trotter,15,,0,True,21.887188000164315,32768
qiskit_aer_matrix_product_state_gpu,tfim_trotter,15,,1,False,17.218798999692808,32768
qiskit_aer_matrix_product_state_gpu,tfim_trotter,15,,2,False,17.58127700031764,32768
qiskit_aer_matrix_product_state_gpu,tfim_trotter,15,,3,False,17.4258329998338,32768
qiskit_aer_matrix_product_state_gpu,tfim_trotter,20,,0,True,317.3461619999216,1048576
qiskit_aer_matrix_product_state_gpu,tfim_trotter,20,,1,False,320.3517130000364,1048576
qiskit_aer_matrix_product_state_gpu,tfim_trotter,20,,2,False,317.70086100004846,1048576
qiskit_aer_matrix_product_state_gpu,tfim_trotter,20,,3,False,342.8451720001249,1048576
qiskit_aer_matrix_product_state_gpu,tfim_trotter,24,,0,True,6916.681798999889,16777216
qiskit_aer_matrix_product_state_gpu,tfim_trotter,24,,1,False,7023.803538000266,16777216
qiskit_aer_matrix_product_state_gpu,tfim_trotter,24,,2,False,6980.777923000005,16777216
qiskit_aer_matrix_product_state_gpu,tfim_trotter,24,,3,False,6968.421323000257,16777216
qiskit_aer_matrix_product_state_gpu,tfim_trotter,26,,0,True,24.863343999641074,1
qiskit_aer_matrix_product_state_gpu,tfim_trotter,26,,1,False,25.298920999830443,1
qiskit_aer_matrix_product_state_gpu,tfim_trotter,26,,2,False,25.997722999818507,1
qiskit_aer_matrix_product_state_gpu,tfim_trotter,26,,3,False,26.39629200029958,1
qiskit_aer_matrix_product_state_gpu,tfim_trotter,28,,0,True,20.38025599995308,1
qiskit_aer_matrix_product_state_gpu,tfim_trotter,28,,1,False,19.800676000159,1
qiskit_aer_matrix_product_state_gpu,tfim_trotter,28,,2,False,28.90519500033406,1
qiskit_aer_matrix_product_state_gpu,tfim_trotter,28,,3,False,26.85053200002585,1
qiskit_aer_matrix_product_state_gpu,tfim_trotter,30,,0,True,23.15142299994477,1
qiskit_aer_matrix_product_state_gpu,tfim_trotter,30,,1,False,21.878520999962348,1
qiskit_aer_matrix_product_state_gpu,tfim_trotter,30,,2,False,32.68831000013961,1
qiskit_aer_matrix_product_state_gpu,tfim_trotter,30,,3,False,20.892417000140995,1
qiskit_aer_matrix_product_state_gpu,tfim_trotter,40,,0,True,35.339476999979524,1
qiskit_aer_matrix_product_state_gpu,tfim_trotter,40,,1,False,34.17342500006271,1
qiskit_aer_matrix_product_state_gpu,tfim_trotter,40,,2,False,34.72760099975858,1
qiskit_aer_matrix_product_state_gpu,tfim_trotter,40,,3,False,34.68746699991243,1
