workload,qubits,input_operation_count,policy,repeat,order_index,budget_bytes,graph_build_ms,final_synchronize_ms,total_ms,peak_bytes,active_bytes,cache_bytes,predicted_checkpoints,observed_checkpoints,expected_custom_kernel_launches,predicted_custom_io_bytes,preflight_decision
tfim,22,280,adaptive_minimum,1,0,134217728,54.406041,0.911917,55.317958,134219984,33556592,100663592,41,41,83,5570035712,allowed_within_reported_lower_bounds
tfim,22,280,lazy,1,1,,0.641583,70.275125,70.916708,2818577224,33556592,2785020656,0,0,83,5570035712,allowed_within_reported_lower_bounds
tfim,22,280,adaptive_balanced,1,2,268435456,49.995958,1.7575,51.753458,201328848,33556592,167772456,20,20,83,5570035712,allowed_within_reported_lower_bounds
tfim,22,280,lazy,2,0,,0.699125,69.878958,70.578083,2818577224,33556592,2785020656,0,0,83,5570035712,allowed_within_reported_lower_bounds
tfim,22,280,adaptive_balanced,2,1,268435456,50.102875,1.8635,51.966375,201328852,33556592,167772464,20,20,83,5570035712,allowed_within_reported_lower_bounds
tfim,22,280,adaptive_minimum,2,2,134217728,54.578375,0.751291,55.329666,134219960,33556592,100663568,41,41,83,5570035712,allowed_within_reported_lower_bounds
tfim,22,280,adaptive_balanced,3,0,268435456,49.870417,1.894291,51.764708,201328864,33556592,167772480,20,20,83,5570035712,allowed_within_reported_lower_bounds
tfim,22,280,adaptive_minimum,3,1,134217728,54.312583,0.676708,54.989291,134219984,33556592,100663592,41,41,83,5570035712,allowed_within_reported_lower_bounds
tfim,22,280,lazy,3,2,,0.57925,69.083292,69.662542,2818577224,33556592,2785020656,0,0,83,5570035712,allowed_within_reported_lower_bounds
qft,22,253,adaptive_minimum,1,0,134217728,13.885667,5.692583,19.57825,167774344,33556592,134217824,10,10,21,1409286144,allowed_within_reported_lower_bounds
qft,22,253,lazy,1,1,,0.344292,23.758292,24.102584,838863464,134219888,704643600,0,0,21,1409286144,allowed_within_reported_lower_bounds
qft,22,253,adaptive_balanced,1,2,268435456,13.80725,5.651792,19.459042,167774424,33556592,201326732,5,5,21,1409286144,allowed_within_reported_lower_bounds
qft,22,253,lazy,2,0,,0.371875,23.623542,23.995417,838863464,134219888,704643600,0,0,21,1409286144,allowed_within_reported_lower_bounds
qft,22,253,adaptive_balanced,2,1,268435456,13.666,5.729,19.395,167774440,134219888,100663440,5,5,21,1409286144,allowed_within_reported_lower_bounds
qft,22,253,adaptive_minimum,2,2,134217728,14.418958,5.811833,20.230791,167774344,83888240,134217848,10,10,21,1409286144,allowed_within_reported_lower_bounds
qft,22,253,adaptive_balanced,3,0,268435456,13.65425,5.853041,19.507291,167774440,33556592,201326740,5,5,21,1409286144,allowed_within_reported_lower_bounds
qft,22,253,adaptive_minimum,3,1,134217728,13.622208,6.053708,19.675916,167774344,33556592,134217844,10,10,21,1409286144,allowed_within_reported_lower_bounds
qft,22,253,lazy,3,2,,0.38575,24.495,24.88075,838863464,33556592,805306896,0,0,21,1409286144,allowed_within_reported_lower_bounds
qaoa,22,198,adaptive_minimum,1,0,134217728,38.560833,0.736708,39.297541,134219976,33556592,100663596,29,29,59,3959422976,allowed_within_reported_lower_bounds
qaoa,22,198,lazy,1,1,,0.520792,49.971833,50.492625,2013270008,33556592,1979713440,0,0,59,3959422976,allowed_within_reported_lower_bounds
qaoa,22,198,adaptive_balanced,1,2,268435456,35.91625,1.762792,37.679042,201328856,33556592,167772480,14,14,59,3959422976,allowed_within_reported_lower_bounds
qaoa,22,198,lazy,2,0,,0.548,49.964541,50.512541,2013270008,33556592,1979713440,0,0,59,3959422976,allowed_within_reported_lower_bounds
qaoa,22,198,adaptive_balanced,2,1,268435456,35.412875,1.7645,37.177375,201328868,33556592,167772488,14,14,59,3959422976,allowed_within_reported_lower_bounds
qaoa,22,198,adaptive_minimum,2,2,134217728,39.359834,0.746708,40.106542,134219960,33556592,100663576,29,29,59,3959422976,allowed_within_reported_lower_bounds
qaoa,22,198,adaptive_balanced,3,0,268435456,35.381708,2.298875,37.680583,201328872,33556592,167772492,14,14,59,3959422976,allowed_within_reported_lower_bounds
qaoa,22,198,adaptive_minimum,3,1,134217728,39.1535,0.739916,39.893416,134219984,33556592,100663600,29,29,59,3959422976,allowed_within_reported_lower_bounds
qaoa,22,198,lazy,3,2,,0.54375,51.787958,52.331708,2013270008,33556592,1979713440,0,0,59,3959422976,allowed_within_reported_lower_bounds
qcbm,22,198,adaptive_minimum,1,0,134217728,25.16925,1.509292,26.678542,134222256,33556592,100665776,17,17,36,2415919104,allowed_within_reported_lower_bounds
qcbm,22,198,lazy,1,1,,1.431833,33.616417,35.04825,1241521196,201329852,1073745800,0,0,36,2415919104,allowed_within_reported_lower_bounds
qcbm,22,198,adaptive_balanced,1,2,268435456,23.165333,2.66125,25.826583,201331196,33556592,167774716,8,8,36,2415919104,allowed_within_reported_lower_bounds
qcbm,22,198,lazy,2,0,,1.482292,32.088041,33.570333,1241521196,100665628,1174410056,0,0,36,2415919104,allowed_within_reported_lower_bounds
qcbm,22,198,adaptive_balanced,2,1,268435456,23.559125,2.618042,26.177167,201331192,33556592,167774720,8,8,36,2415919104,allowed_within_reported_lower_bounds
qcbm,22,198,adaptive_minimum,2,2,134217728,25.73825,1.49975,27.238,134222172,33556592,100665712,17,17,36,2415919104,allowed_within_reported_lower_bounds
qcbm,22,198,adaptive_balanced,3,0,268435456,22.88725,2.901583,25.788833,201331192,33556592,167774716,8,8,36,2415919104,allowed_within_reported_lower_bounds
qcbm,22,198,adaptive_minimum,3,1,134217728,25.156541,1.615042,26.771583,134222172,33556592,100665696,17,17,36,2415919104,allowed_within_reported_lower_bounds
qcbm,22,198,lazy,3,2,,1.533375,31.880083,33.413458,1241521196,67111124,1174410096,0,0,36,2415919104,allowed_within_reported_lower_bounds
heisenberg,22,126,adaptive_minimum,1,0,134217728,38.646459,1.233041,39.8795,167774384,33556624,134217992,29,29,58,3892314112,allowed_within_reported_lower_bounds
heisenberg,22,126,lazy,1,1,,0.345083,50.022584,50.367667,1979715312,33556624,1946158712,0,0,58,3892314112,allowed_within_reported_lower_bounds
heisenberg,22,126,adaptive_balanced,1,2,268435456,36.341458,2.36025,38.701708,234883256,33556624,201326864,15,15,58,3892314112,allowed_within_reported_lower_bounds
heisenberg,22,126,lazy,2,0,,0.341125,49.073042,49.414167,1979715312,33556624,1946158712,0,0,58,3892314112,allowed_within_reported_lower_bounds
heisenberg,22,126,adaptive_balanced,2,1,268435456,35.247333,2.283958,37.531291,234883256,33556624,201326864,15,15,58,3892314112,allowed_within_reported_lower_bounds
heisenberg,22,126,adaptive_minimum,2,2,134217728,38.4585,1.228542,39.687042,167774384,33556624,134217992,29,29,58,3892314112,allowed_within_reported_lower_bounds
heisenberg,22,126,adaptive_balanced,3,0,268435456,35.500083,2.2865,37.786583,234883252,33556624,201326864,15,15,58,3892314112,allowed_within_reported_lower_bounds
heisenberg,22,126,adaptive_minimum,3,1,134217728,38.718375,1.228125,39.9465,167774376,33556624,134217988,29,29,58,3892314112,allowed_within_reported_lower_bounds
heisenberg,22,126,lazy,3,2,,0.379625,48.912333,49.291958,1979715312,33556624,1946158712,0,0,58,3892314112,allowed_within_reported_lower_bounds
su2,22,230,adaptive_minimum,1,0,134217728,24.07,1.536208,25.606208,134222176,33556592,100665720,17,17,36,2415919104,allowed_within_reported_lower_bounds
su2,22,230,lazy,1,1,,1.536583,31.601167,33.13775,1241521212,67111132,1174410104,0,0,36,2415919104,allowed_within_reported_lower_bounds
su2,22,230,adaptive_balanced,1,2,268435456,23.677125,2.386291,26.063416,201331196,33556592,167774724,8,8,36,2415919104,allowed_within_reported_lower_bounds
su2,22,230,lazy,2,0,,1.611625,32.106791,33.718416,1241521212,67111132,1174410104,0,0,36,2415919104,allowed_within_reported_lower_bounds
su2,22,230,adaptive_balanced,2,1,268435456,22.859792,2.621792,25.481584,201331184,33556592,167774728,8,8,36,2415919104,allowed_within_reported_lower_bounds
su2,22,230,adaptive_minimum,2,2,134217728,24.653958,1.232084,25.886042,134222172,33556592,100665700,17,17,36,2415919104,allowed_within_reported_lower_bounds
su2,22,230,adaptive_balanced,3,0,268435456,22.505334,2.315791,24.821125,201331192,33556592,167774740,8,8,36,2415919104,allowed_within_reported_lower_bounds
su2,22,230,adaptive_minimum,3,1,134217728,24.35175,1.235167,25.586917,134222172,33556592,100665700,17,17,36,2415919104,allowed_within_reported_lower_bounds
su2,22,230,lazy,3,2,,1.507625,31.293708,32.801333,1241521212,100665636,1174410036,0,0,36,2415919104,allowed_within_reported_lower_bounds
tfim,23,293,lazy,1,0,,0.655541,136.30675,136.962291,4496298976,67111024,4429187976,0,0,90,12079595520,allowed_within_reported_lower_bounds
tfim,23,293,adaptive_balanced,1,1,268435456,106.09875,2.483208,108.581958,268437704,67111024,201326888,47,47,90,12079595520,allowed_within_reported_lower_bounds
tfim,23,293,adaptive_minimum,1,2,134217728,116.579375,1.275875,117.85525,268437664,67111024,201326848,89,89,90,12079595520,allowed_within_reported_lower_bounds
tfim,23,293,adaptive_balanced,2,0,268435456,107.226,2.51675,109.74275,268437712,67111024,201326896,47,47,90,12079595520,allowed_within_reported_lower_bounds
tfim,23,293,adaptive_minimum,2,1,134217728,116.846875,1.553917,118.400792,201328800,67111024,201326848,89,89,90,12079595520,allowed_within_reported_lower_bounds
tfim,23,293,lazy,2,2,,0.707625,135.9735,136.681125,4496298976,67111024,4429187976,0,0,90,12079595520,allowed_within_reported_lower_bounds
tfim,23,293,adaptive_minimum,3,0,134217728,113.183125,1.294792,114.477917,201328800,67111024,134217984,89,89,90,12079595520,allowed_within_reported_lower_bounds
tfim,23,293,lazy,3,1,,0.764708,134.629834,135.394542,4496298976,67111024,4429187976,0,0,90,12079595520,allowed_within_reported_lower_bounds
tfim,23,293,adaptive_balanced,3,2,268435456,106.919875,2.27775,109.197625,268437664,67111024,201326856,47,47,90,12079595520,allowed_within_reported_lower_bounds
qft,23,276,lazy,1,0,,0.398208,47.2065,47.604708,1744833152,67111024,1677722152,0,0,22,2952790016,allowed_within_reported_lower_bounds
qft,23,276,adaptive_balanced,1,1,268435456,24.873417,13.119916,37.993333,402655392,67111024,335544416,10,10,22,2952790016,allowed_within_reported_lower_bounds
qft,23,276,adaptive_minimum,1,2,134217728,27.183125,13.744334,40.927459,335546504,67111024,268435504,21,21,22,2952790016,allowed_within_reported_lower_bounds
qft,23,276,adaptive_balanced,2,0,268435456,25.374,13.593792,38.967792,402655392,67111024,335544400,10,10,22,2952790016,allowed_within_reported_lower_bounds
qft,23,276,adaptive_minimum,2,1,134217728,27.505458,12.449584,39.955042,335546504,67111024,268435528,21,21,22,2952790016,allowed_within_reported_lower_bounds
qft,23,276,lazy,2,2,,0.404167,47.547666,47.951833,1744833152,67111024,1677722152,0,0,22,2952790016,allowed_within_reported_lower_bounds
qft,23,276,adaptive_minimum,3,0,134217728,27.494333,12.657333,40.151666,335546504,67111024,268435520,21,21,22,2952790016,allowed_within_reported_lower_bounds
qft,23,276,lazy,3,1,,0.511167,47.465875,47.977042,1744833152,67111024,1677722152,0,0,22,2952790016,allowed_within_reported_lower_bounds
qft,23,276,adaptive_balanced,3,2,268435456,25.091792,13.400791,38.492583,402655392,67111024,335544408,10,10,22,2952790016,allowed_within_reported_lower_bounds
qaoa,23,207,lazy,1,0,,0.571667,106.697417,107.269084,4362080352,67111024,4294969352,0,0,64,8589934592,allowed_within_reported_lower_bounds
qaoa,23,207,adaptive_balanced,1,1,268435456,76.045916,2.470709,78.516625,268437664,67111024,201326860,33,33,64,8589934592,allowed_within_reported_lower_bounds
qaoa,23,207,adaptive_minimum,1,2,134217728,82.407,1.203542,83.610542,201328800,67111024,134217992,63,63,64,8589934592,allowed_within_reported_lower_bounds
qaoa,23,207,adaptive_balanced,2,0,268435456,76.66125,2.366125,79.027375,268437688,67111024,201326884,33,33,64,8589934592,allowed_within_reported_lower_bounds
qaoa,23,207,adaptive_minimum,2,1,134217728,82.95275,1.289459,84.242209,201328800,67111024,134217992,63,63,64,8589934592,allowed_within_reported_lower_bounds
qaoa,23,207,lazy,2,2,,0.633583,106.335667,106.96925,4362080352,67111024,4294969352,0,0,64,8589934592,allowed_within_reported_lower_bounds
qaoa,23,207,adaptive_minimum,3,0,134217728,81.635875,1.311458,82.947333,201328800,67111024,201326856,63,63,64,8589934592,allowed_within_reported_lower_bounds
qaoa,23,207,lazy,3,1,,0.704833,106.536417,107.24125,4362080352,67111024,4294969352,0,0,64,8589934592,allowed_within_reported_lower_bounds
qaoa,23,207,adaptive_balanced,3,2,268435456,75.513125,2.230667,77.743792,268437664,67111024,201326856,33,33,64,8589934592,allowed_within_reported_lower_bounds
qcbm,23,207,lazy,1,0,,1.484167,66.065083,67.54925,2684362012,67111024,2617251012,0,0,39,5234491392,allowed_within_reported_lower_bounds
qcbm,23,207,adaptive_balanced,1,1,268435456,50.449042,1.756333,52.205375,268440000,67111024,201329092,20,20,39,5234491392,allowed_within_reported_lower_bounds
qcbm,23,207,adaptive_minimum,1,2,134217728,53.500875,1.883625,55.3845,201331056,67111024,134220148,38,38,39,5234491392,allowed_within_reported_lower_bounds
qcbm,23,207,adaptive_balanced,2,0,268435456,50.780208,1.757417,52.537625,268439996,67111024,201329092,20,20,39,5234491392,allowed_within_reported_lower_bounds
qcbm,23,207,adaptive_minimum,2,1,134217728,53.338125,1.757375,55.0955,201331056,67111024,134220148,38,38,39,5234491392,allowed_within_reported_lower_bounds
qcbm,23,207,lazy,2,2,,1.507083,66.035917,67.543,2684362012,67111024,2617251012,0,0,39,5234491392,allowed_within_reported_lower_bounds
qcbm,23,207,adaptive_minimum,3,0,134217728,52.850458,1.722958,54.573416,201331052,67111024,134220144,38,38,39,5234491392,allowed_within_reported_lower_bounds
qcbm,23,207,lazy,3,1,,1.815916,66.50575,68.321666,2684362012,67111024,2617251012,0,0,39,5234491392,allowed_within_reported_lower_bounds
qcbm,23,207,adaptive_balanced,3,2,268435456,50.344791,1.769667,52.114458,268439996,67111024,201329092,20,20,39,5234491392,allowed_within_reported_lower_bounds
heisenberg,23,132,lazy,1,0,,0.375667,110.4615,110.837167,4496297824,67111056,4429186792,0,0,66,8858370048,allowed_within_reported_lower_bounds
heisenberg,23,132,adaptive_balanced,1,1,268435456,79.794292,2.419375,82.213667,335546532,67111056,268435724,33,33,66,8858370048,allowed_within_reported_lower_bounds
heisenberg,23,132,adaptive_minimum,1,2,134217728,87.330542,1.2515,88.582042,268437664,67111056,268435712,65,65,66,8858370048,allowed_within_reported_lower_bounds
heisenberg,23,132,adaptive_balanced,2,0,268435456,79.938333,2.2445,82.182833,335546536,67111056,268435724,33,33,66,8858370048,allowed_within_reported_lower_bounds
heisenberg,23,132,adaptive_minimum,2,1,134217728,86.880917,1.259458,88.140375,268437664,67111056,201326848,65,65,66,8858370048,allowed_within_reported_lower_bounds
heisenberg,23,132,lazy,2,2,,0.419458,111.851167,112.270625,4496297824,67111056,4429186792,0,0,66,8858370048,allowed_within_reported_lower_bounds
heisenberg,23,132,adaptive_minimum,3,0,134217728,85.441917,1.253417,86.695334,268437664,67111056,201326848,65,65,66,8858370048,allowed_within_reported_lower_bounds
heisenberg,23,132,lazy,3,1,,0.487375,111.427916,111.915291,4496297824,67111056,4429186792,0,0,66,8858370048,allowed_within_reported_lower_bounds
heisenberg,23,132,adaptive_balanced,3,2,268435456,79.278333,2.219959,81.498292,335546536,67111056,268435720,33,33,66,8858370048,allowed_within_reported_lower_bounds
su2,23,240,lazy,1,0,,1.712041,65.833792,67.545833,2684362024,67111024,2617251024,0,0,39,5234491392,allowed_within_reported_lower_bounds
su2,23,240,adaptive_balanced,1,1,268435456,48.927083,1.213,50.140083,268439996,67111024,201329092,20,20,39,5234491392,allowed_within_reported_lower_bounds
su2,23,240,adaptive_minimum,1,2,134217728,52.373125,1.248416,53.621541,201331052,67111024,134220148,38,38,39,5234491392,allowed_within_reported_lower_bounds
su2,23,240,adaptive_balanced,2,0,268435456,49.678375,1.295625,50.974,268440000,67111024,201329104,20,20,39,5234491392,allowed_within_reported_lower_bounds
su2,23,240,adaptive_minimum,2,1,134217728,51.941584,1.231375,53.172959,201331052,67111024,134220148,38,38,39,5234491392,allowed_within_reported_lower_bounds
su2,23,240,lazy,2,2,,1.613458,66.018042,67.6315,2684362024,67111024,2617251024,0,0,39,5234491392,allowed_within_reported_lower_bounds
su2,23,240,adaptive_minimum,3,0,134217728,52.581875,1.235208,53.817083,201331052,67111024,134220148,38,38,39,5234491392,allowed_within_reported_lower_bounds
su2,23,240,lazy,3,1,,2.109584,65.91725,68.026834,2684362024,67111024,2617251024,0,0,39,5234491392,allowed_within_reported_lower_bounds
su2,23,240,adaptive_balanced,3,2,268435456,49.1755,1.248916,50.424416,268439996,67111024,201329096,20,20,39,5234491392,allowed_within_reported_lower_bounds
tfim,24,306,adaptive_balanced,1,0,536870912,204.391708,4.318834,208.710542,536873148,134219888,402653480,47,47,90,24159191040,allowed_within_reported_lower_bounds
tfim,24,306,adaptive_minimum,1,1,268435456,213.1155,2.301375,215.416875,402655392,134219888,268435720,89,89,90,24159191040,allowed_within_reported_lower_bounds
tfim,24,306,lazy,1,2,,0.677833,241.14325,241.821083,4563407936,134219888,4429188072,0,0,90,24159191040,allowed_within_reported_lower_bounds
tfim,24,306,adaptive_minimum,2,0,268435456,212.403625,2.351708,214.755333,402655392,134219888,268435720,89,89,90,24159191040,allowed_within_reported_lower_bounds
tfim,24,306,lazy,2,1,,0.677833,240.796208,241.474041,4563407936,134219888,4429188072,0,0,90,24159191040,allowed_within_reported_lower_bounds
tfim,24,306,adaptive_balanced,2,2,536870912,204.984167,4.825416,209.809583,536873144,134219888,402653472,47,47,90,24159191040,allowed_within_reported_lower_bounds
tfim,24,306,lazy,3,0,,0.734833,239.850875,240.585708,4563407936,134219888,4429188072,0,0,90,24159191040,allowed_within_reported_lower_bounds
tfim,24,306,adaptive_balanced,3,1,536870912,204.720292,4.702416,209.422708,536873144,134219888,402653472,47,47,90,24159191040,allowed_within_reported_lower_bounds
tfim,24,306,adaptive_minimum,3,2,268435456,213.634167,2.272208,215.906375,402655392,134219888,268435720,89,89,90,24159191040,allowed_within_reported_lower_bounds
qft,24,300,adaptive_balanced,1,0,536870912,52.379292,21.828417,74.207709,671090824,134219888,536871008,11,11,23,6174015488,allowed_within_reported_lower_bounds
qft,24,300,adaptive_minimum,1,1,268435456,52.02225,23.192167,75.214417,671090824,134219888,536870980,22,22,23,6174015488,allowed_within_reported_lower_bounds
qft,24,300,lazy,1,2,,0.44775,102.613625,103.061375,3623881368,134219888,3489661504,0,0,23,6174015488,allowed_within_reported_lower_bounds
qft,24,300,adaptive_minimum,2,0,268435456,52.506167,23.726667,76.232834,671090824,134219888,536870964,22,22,23,6174015488,allowed_within_reported_lower_bounds
qft,24,300,lazy,2,1,,0.489,101.359875,101.848875,3623881368,134219888,3489661504,0,0,23,6174015488,allowed_within_reported_lower_bounds
qft,24,300,adaptive_balanced,2,2,536870912,53.683333,22.102625,75.785958,671090824,134219888,536870992,11,11,23,6174015488,allowed_within_reported_lower_bounds
qft,24,300,lazy,3,0,,0.534416,103.54125,104.075666,3623881368,134219888,3489661504,0,0,23,6174015488,allowed_within_reported_lower_bounds
qft,24,300,adaptive_balanced,3,1,536870912,53.316125,22.229417,75.545542,671090824,134219888,536871004,11,11,23,6174015488,allowed_within_reported_lower_bounds
qft,24,300,adaptive_minimum,3,2,268435456,55.467333,22.60675,78.074083,671090824,134219888,536870984,22,22,23,6174015488,allowed_within_reported_lower_bounds
qaoa,24,216,adaptive_balanced,1,0,536870912,146.72175,4.750583,151.472333,536873144,134219888,402653480,33,33,64,17179869184,allowed_within_reported_lower_bounds
qaoa,24,216,adaptive_minimum,1,1,268435456,154.681334,2.6135,157.294834,536873120,134219888,402653456,63,63,64,17179869184,allowed_within_reported_lower_bounds
qaoa,24,216,lazy,1,2,,0.825166,186.931792,187.756958,4563407008,134219888,4429187144,0,0,64,17179869184,allowed_within_reported_lower_bounds
qaoa,24,216,adaptive_minimum,2,0,268435456,150.959084,2.41275,153.371834,402655392,134219888,268435728,63,63,64,17179869184,allowed_within_reported_lower_bounds
qaoa,24,216,lazy,2,1,,0.5875,186.759917,187.347417,4563407008,134219888,4429187144,0,0,64,17179869184,allowed_within_reported_lower_bounds
qaoa,24,216,adaptive_balanced,2,2,536870912,146.558875,4.507208,151.066083,536873128,134219888,402653468,33,33,64,17179869184,allowed_within_reported_lower_bounds
qaoa,24,216,lazy,3,0,,0.625,186.240417,186.865417,4563407008,134219888,4429187144,0,0,64,17179869184,allowed_within_reported_lower_bounds
qaoa,24,216,adaptive_balanced,3,1,536870912,145.518875,4.400125,149.919,536873124,134219888,402653472,33,33,64,17179869184,allowed_within_reported_lower_bounds
qaoa,24,216,adaptive_minimum,3,2,268435456,153.324291,2.288459,155.61275,402655392,134219888,402653456,63,63,64,17179869184,allowed_within_reported_lower_bounds
qcbm,24,216,adaptive_balanced,1,0,536870912,96.104042,3.275875,99.379917,536875552,134219888,402655784,20,20,39,10468982784,allowed_within_reported_lower_bounds
qcbm,24,216,adaptive_minimum,1,1,268435456,96.076084,3.368708,99.444792,402657744,134219888,268437976,38,38,39,10468982784,allowed_within_reported_lower_bounds
qcbm,24,216,lazy,1,2,,1.720375,136.994959,138.715334,4563410228,134219888,4429190364,0,0,39,10468982784,allowed_within_reported_lower_bounds
qcbm,24,216,adaptive_minimum,2,0,268435456,98.584833,3.277584,101.862417,402657744,134219888,268437976,38,38,39,10468982784,allowed_within_reported_lower_bounds
qcbm,24,216,lazy,2,1,,2.006083,136.404709,138.410792,4563410228,134219888,4429190364,0,0,39,10468982784,allowed_within_reported_lower_bounds
qcbm,24,216,adaptive_balanced,2,2,536870912,99.236875,3.257292,102.494167,536875536,134219888,402655772,20,20,39,10468982784,allowed_within_reported_lower_bounds
qcbm,24,216,lazy,3,0,,1.808833,140.806625,142.615458,4563410228,134219888,4429190364,0,0,39,10468982784,allowed_within_reported_lower_bounds
qcbm,24,216,adaptive_balanced,3,1,536870912,96.256459,3.41925,99.675709,536875536,134219888,402655772,20,20,39,10468982784,allowed_within_reported_lower_bounds
qcbm,24,216,adaptive_minimum,3,2,268435456,96.95175,3.462166,100.413916,402657744,134219888,268437976,38,38,39,10468982784,allowed_within_reported_lower_bounds
heisenberg,24,138,adaptive_balanced,1,0,536870912,134.562416,4.312209,138.874625,671090856,134219920,536871188,29,29,58,15569256448,allowed_within_reported_lower_bounds
heisenberg,24,138,adaptive_minimum,1,1,268435456,143.455291,2.34975,145.805041,536873120,134219920,536871176,57,57,58,15569256448,allowed_within_reported_lower_bounds
heisenberg,24,138,lazy,1,2,,0.403042,184.984917,185.387959,4563406672,134219920,4429186776,0,0,58,15569256448,allowed_within_reported_lower_bounds
heisenberg,24,138,adaptive_minimum,2,0,268435456,143.152375,2.268292,145.420667,536873120,134219920,402653448,57,57,58,15569256448,allowed_within_reported_lower_bounds
heisenberg,24,138,lazy,2,1,,0.388958,176.2565,176.645458,4563406672,134219920,4429186776,0,0,58,15569256448,allowed_within_reported_lower_bounds
heisenberg,24,138,adaptive_balanced,2,2,536870912,137.27975,4.450709,141.730459,671090856,134219920,536871184,29,29,58,15569256448,allowed_within_reported_lower_bounds
heisenberg,24,138,lazy,3,0,,0.369958,173.622709,173.992667,4563406672,134219920,4429186776,0,0,58,15569256448,allowed_within_reported_lower_bounds
heisenberg,24,138,adaptive_balanced,3,1,536870912,137.322209,4.337083,141.659292,671090856,134219920,536871184,29,29,58,15569256448,allowed_within_reported_lower_bounds
heisenberg,24,138,adaptive_minimum,3,2,268435456,144.735459,2.260833,146.996292,536873120,134219920,536871176,57,57,58,15569256448,allowed_within_reported_lower_bounds
su2,24,251,adaptive_balanced,1,0,536870912,93.663375,2.259042,95.922417,536875552,134219888,402655792,20,20,39,10468982784,allowed_within_reported_lower_bounds
su2,24,251,adaptive_minimum,1,1,268435456,95.753833,2.305792,98.059625,402657776,134219888,268438016,38,38,39,10468982784,allowed_within_reported_lower_bounds
su2,24,251,lazy,1,2,,1.836375,135.008959,136.845334,4563410244,134219888,4429190380,0,0,39,10468982784,allowed_within_reported_lower_bounds
su2,24,251,adaptive_minimum,2,0,268435456,94.510166,2.402292,96.912458,402657744,134219888,268437984,38,38,39,10468982784,allowed_within_reported_lower_bounds
su2,24,251,lazy,2,1,,2.213459,135.126416,137.339875,4563410244,134219888,4429190380,0,0,39,10468982784,allowed_within_reported_lower_bounds
su2,24,251,adaptive_balanced,2,2,536870912,93.152167,2.496541,95.648708,536875536,134219888,402655780,20,20,39,10468982784,allowed_within_reported_lower_bounds
su2,24,251,lazy,3,0,,2.238292,133.849708,136.088,4563410244,134219888,4429190380,0,0,39,10468982784,allowed_within_reported_lower_bounds
su2,24,251,adaptive_balanced,3,1,536870912,94.905,2.294333,97.199333,536875536,134219888,402655780,20,20,39,10468982784,allowed_within_reported_lower_bounds
su2,24,251,adaptive_minimum,3,2,268435456,94.86425,2.33425,97.1985,402657744,134219888,268437984,38,38,39,10468982784,allowed_within_reported_lower_bounds
tfim,25,319,adaptive_minimum,1,0,536870912,438.482083,4.475625,442.957708,805308576,268437616,536871184,96,96,97,52076478464,allowed_within_reported_lower_bounds
tfim,25,319,lazy,1,1,,0.828667,447.834333,448.663,3221230808,268437616,2952793216,0,0,97,52076478464,allowed_within_reported_lower_bounds
tfim,25,319,adaptive_balanced,1,2,1073741824,428.79525,4.528708,433.323958,1073744032,268437616,805306648,48,48,97,52076478464,allowed_within_reported_lower_bounds
tfim,25,319,lazy,2,0,,0.770208,450.015459,450.785667,3221230808,268437616,2952793216,0,0,97,52076478464,allowed_within_reported_lower_bounds
tfim,25,319,adaptive_balanced,2,1,1073741824,428.54875,4.31825,432.867,1073744032,268437616,805306644,48,48,97,52076478464,allowed_within_reported_lower_bounds
tfim,25,319,adaptive_minimum,2,2,536870912,439.255334,4.394041,443.649375,805308576,268437616,536871184,96,96,97,52076478464,allowed_within_reported_lower_bounds
tfim,25,319,adaptive_balanced,3,0,1073741824,429.474417,4.71975,434.194167,1073744032,268437616,805306664,48,48,97,52076478464,allowed_within_reported_lower_bounds
tfim,25,319,adaptive_minimum,3,1,536870912,437.13575,4.473458,441.609208,805308576,268437616,536871184,96,96,97,52076478464,allowed_within_reported_lower_bounds
tfim,25,319,lazy,3,2,,0.758917,447.491208,448.250125,3221230808,268437616,2952793216,0,0,97,52076478464,allowed_within_reported_lower_bounds
qft,25,325,adaptive_minimum,1,0,536870912,103.733959,43.500708,147.234667,1342179464,268437616,1073741896,23,23,24,12884901888,allowed_within_reported_lower_bounds
qft,25,325,lazy,1,1,,0.467833,174.313667,174.7815,3221228208,268437616,3489661528,0,0,24,12884901888,allowed_within_reported_lower_bounds
qft,25,325,adaptive_balanced,1,2,1073741824,102.211083,46.308833,148.519916,1610614944,268437616,1342177352,11,11,24,12884901888,allowed_within_reported_lower_bounds
qft,25,325,lazy,2,0,,0.477667,178.003916,178.481583,3221228208,268437616,3489661528,0,0,24,12884901888,allowed_within_reported_lower_bounds
qft,25,325,adaptive_balanced,2,1,1073741824,101.804958,46.908584,148.713542,1610614944,268437616,1342177352,11,11,24,12884901888,allowed_within_reported_lower_bounds
qft,25,325,adaptive_minimum,2,2,536870912,103.850625,44.023542,147.874167,1342179464,268437616,1073741888,23,23,24,12884901888,allowed_within_reported_lower_bounds
qft,25,325,adaptive_balanced,3,0,1073741824,99.846083,46.86875,146.714833,1610614944,268437616,1342177352,11,11,24,12884901888,allowed_within_reported_lower_bounds
qft,25,325,adaptive_minimum,3,1,536870912,102.927458,43.659084,146.586542,1342179464,268437616,1073741884,23,23,24,12884901888,allowed_within_reported_lower_bounds
qft,25,325,lazy,3,2,,0.488291,172.07175,172.560041,3221228208,268437616,3489661528,0,0,24,12884901888,allowed_within_reported_lower_bounds
qaoa,25,225,adaptive_minimum,1,0,536870912,312.508667,4.422041,316.930708,805308576,268437616,536871192,68,68,69,37044092928,allowed_within_reported_lower_bounds
qaoa,25,225,lazy,1,1,,0.669958,330.325834,330.995792,3221229832,268437616,2952792240,0,0,69,37044092928,allowed_within_reported_lower_bounds
qaoa,25,225,adaptive_balanced,1,2,1073741824,307.74175,4.3655,312.10725,1073744032,268437616,805306652,34,34,69,37044092928,allowed_within_reported_lower_bounds
qaoa,25,225,lazy,2,0,,0.712417,327.0425,327.754917,3221229832,268437616,2952792240,0,0,69,37044092928,allowed_within_reported_lower_bounds
qaoa,25,225,adaptive_balanced,2,1,1073741824,305.5145,4.45825,309.97275,1073744032,268437616,805306660,34,34,69,37044092928,allowed_within_reported_lower_bounds
qaoa,25,225,adaptive_minimum,2,2,536870912,312.332541,4.353709,316.68625,805308576,268437616,536871192,68,68,69,37044092928,allowed_within_reported_lower_bounds
qaoa,25,225,adaptive_balanced,3,0,1073741824,307.447792,4.369166,311.816958,1073744032,268437616,805306652,34,34,69,37044092928,allowed_within_reported_lower_bounds
qaoa,25,225,adaptive_minimum,3,1,536870912,311.800167,4.340708,316.140875,805308576,268437616,536871192,68,68,69,37044092928,allowed_within_reported_lower_bounds
qaoa,25,225,lazy,3,2,,0.671542,331.527083,332.198625,3221229832,268437616,2952792240,0,0,69,37044092928,allowed_within_reported_lower_bounds
qcbm,25,225,adaptive_minimum,1,0,536870912,196.60325,6.791292,203.394542,805311016,268437616,536873524,41,41,42,22548578304,allowed_within_reported_lower_bounds
qcbm,25,225,lazy,1,1,,1.727,220.459917,222.186917,3221231780,268437616,2952794188,0,0,42,22548578304,allowed_within_reported_lower_bounds
qcbm,25,225,adaptive_balanced,1,2,1073741824,190.513083,11.07875,201.591833,1073746544,268437616,805309052,20,20,42,22548578304,allowed_within_reported_lower_bounds
qcbm,25,225,lazy,2,0,,1.72675,221.603666,223.330416,3221231780,268437616,2952794188,0,0,42,22548578304,allowed_within_reported_lower_bounds
qcbm,25,225,adaptive_balanced,2,1,1073741824,190.458,10.978166,201.436166,1073746544,268437616,805309052,20,20,42,22548578304,allowed_within_reported_lower_bounds
qcbm,25,225,adaptive_minimum,2,2,536870912,197.429625,6.512916,203.942541,805311016,268437616,536873524,41,41,42,22548578304,allowed_within_reported_lower_bounds
qcbm,25,225,adaptive_balanced,3,0,1073741824,188.764,10.654625,199.418625,1073746544,268437616,805309056,20,20,42,22548578304,allowed_within_reported_lower_bounds
qcbm,25,225,adaptive_minimum,3,1,536870912,197.116792,6.754208,203.871,805311016,268437616,536873524,41,41,42,22548578304,allowed_within_reported_lower_bounds
qcbm,25,225,lazy,3,2,,1.755959,220.579708,222.335667,3221231780,268437616,2952794188,0,0,42,22548578304,allowed_within_reported_lower_bounds
heisenberg,25,144,adaptive_minimum,1,0,536870912,306.688084,4.471583,311.159667,1073744032,268437648,805306640,65,65,66,35433480192,allowed_within_reported_lower_bounds
heisenberg,25,144,lazy,1,1,,0.407166,318.980292,319.387458,3221229504,268437648,2952791880,0,0,66,35433480192,allowed_within_reported_lower_bounds
heisenberg,25,144,adaptive_balanced,1,2,1073741824,294.697083,8.812167,303.50925,1342179488,268437648,1073742104,33,33,66,35433480192,allowed_within_reported_lower_bounds
heisenberg,25,144,lazy,2,0,,0.409916,319.195792,319.605708,3221229504,268437648,2952791880,0,0,66,35433480192,allowed_within_reported_lower_bounds
heisenberg,25,144,adaptive_balanced,2,1,1073741824,295.020459,8.224291,303.24475,1342179488,268437648,1073742104,33,33,66,35433480192,allowed_within_reported_lower_bounds
heisenberg,25,144,adaptive_minimum,2,2,536870912,305.490625,4.480958,309.971583,1073744032,268437648,805306640,65,65,66,35433480192,allowed_within_reported_lower_bounds
heisenberg,25,144,adaptive_balanced,3,0,1073741824,296.296417,8.558333,304.85475,1342179488,268437648,1073742104,33,33,66,35433480192,allowed_within_reported_lower_bounds
heisenberg,25,144,adaptive_minimum,3,1,536870912,307.05625,4.304917,311.361167,1073744032,268437648,805306640,65,65,66,35433480192,allowed_within_reported_lower_bounds
heisenberg,25,144,lazy,3,2,,0.407042,319.854833,320.261875,3221229504,268437648,2952791880,0,0,66,35433480192,allowed_within_reported_lower_bounds
su2,25,261,adaptive_minimum,1,0,536870912,192.685875,4.359875,197.04575,805311016,268437616,536873528,41,41,42,22548578304,allowed_within_reported_lower_bounds
su2,25,261,lazy,1,1,,1.986708,214.442917,216.429625,3221231792,268437616,2952794200,0,0,42,22548578304,allowed_within_reported_lower_bounds
su2,25,261,adaptive_balanced,1,2,1073741824,185.529,8.801958,194.330958,1073746544,268437616,805309056,20,20,42,22548578304,allowed_within_reported_lower_bounds
su2,25,261,lazy,2,0,,1.96275,214.230708,216.193458,3221231792,268437616,2952794200,0,0,42,22548578304,allowed_within_reported_lower_bounds
su2,25,261,adaptive_balanced,2,1,1073741824,187.720958,8.540375,196.261333,1073746544,268437616,805309056,20,20,42,22548578304,allowed_within_reported_lower_bounds
su2,25,261,adaptive_minimum,2,2,536870912,192.360667,4.331208,196.691875,805311016,268437616,536873528,41,41,42,22548578304,allowed_within_reported_lower_bounds
su2,25,261,adaptive_balanced,3,0,1073741824,184.192042,8.647583,192.839625,1073746544,268437616,805309064,20,20,42,22548578304,allowed_within_reported_lower_bounds
su2,25,261,adaptive_minimum,3,1,536870912,191.544417,4.303875,195.848292,805311016,268437616,536873528,41,41,42,22548578304,allowed_within_reported_lower_bounds
su2,25,261,lazy,3,2,,1.996625,213.319667,215.316292,3221231792,268437616,2952794200,0,0,42,22548578304,allowed_within_reported_lower_bounds
tfim,26,332,lazy,1,0,,0.797791,902.739209,903.537,6442456376,536873072,6442454240,0,0,97,104152956928,allowed_within_reported_lower_bounds
tfim,26,332,adaptive_balanced,1,1,2147483648,848.231667,8.656833,856.8885,2147485856,536873072,1610613028,48,48,97,104152956928,allowed_within_reported_lower_bounds
tfim,26,332,adaptive_minimum,1,2,1073741824,849.752833,8.774625,858.527458,1610614944,536873072,1073742104,96,96,97,104152956928,allowed_within_reported_lower_bounds
tfim,26,332,adaptive_balanced,2,0,2147483648,846.652833,8.949584,855.602417,2147485856,536873072,1610613020,48,48,97,104152956928,allowed_within_reported_lower_bounds
tfim,26,332,adaptive_minimum,2,1,1073741824,848.183458,8.364459,856.547917,1610614944,536873072,1073742104,96,96,97,104152956928,allowed_within_reported_lower_bounds
tfim,26,332,lazy,2,2,,0.775625,893.056125,893.83175,6442456376,536873072,5905583328,0,0,97,104152956928,allowed_within_reported_lower_bounds
tfim,26,332,adaptive_minimum,3,0,1073741824,850.38925,8.833917,859.223167,1610614944,536873072,1073742104,96,96,97,104152956928,allowed_within_reported_lower_bounds
tfim,26,332,lazy,3,1,,0.79225,898.56975,899.362,6442456376,536873072,5905583328,0,0,97,104152956928,allowed_within_reported_lower_bounds
tfim,26,332,adaptive_balanced,3,2,2147483648,848.210292,8.737958,856.94825,2147485856,536873072,1610613032,48,48,97,104152956928,allowed_within_reported_lower_bounds
qft,26,351,lazy,1,0,,0.513292,355.900292,356.413584,6442453704,536873072,6979322480,0,0,25,26843545600,allowed_within_reported_lower_bounds
qft,26,351,adaptive_balanced,1,1,2147483648,216.013292,80.762,296.775292,2684356744,536873072,2147483720,12,12,25,26843545600,allowed_within_reported_lower_bounds
qft,26,351,adaptive_minimum,1,2,1073741824,212.70275,93.613916,306.316666,2684356744,536873072,2147483712,24,24,25,26843545600,allowed_within_reported_lower_bounds
qft,26,351,adaptive_balanced,2,0,2147483648,215.694041,81.556709,297.25075,2684356744,536873072,2147483720,12,12,25,26843545600,allowed_within_reported_lower_bounds
qft,26,351,adaptive_minimum,2,1,1073741824,211.829,83.965916,295.794916,2684356744,536873072,2147483700,24,24,25,26843545600,allowed_within_reported_lower_bounds
qft,26,351,lazy,2,2,,0.502458,354.441292,354.94375,6442453704,536873072,6979322480,0,0,25,26843545600,allowed_within_reported_lower_bounds
qft,26,351,adaptive_minimum,3,0,1073741824,211.326917,83.903833,295.23075,2684356744,536873072,2147483720,24,24,25,26843545600,allowed_within_reported_lower_bounds
qft,26,351,lazy,3,1,,0.490625,356.994959,357.485584,6442453704,536873072,6979322480,0,0,25,26843545600,allowed_within_reported_lower_bounds
qft,26,351,adaptive_balanced,3,2,2147483648,221.10575,80.425708,301.531458,2684356744,536873072,2147483720,12,12,25,26843545600,allowed_within_reported_lower_bounds
qaoa,26,234,lazy,1,0,,0.663583,658.162042,658.825625,6442455368,536873072,5905582320,0,0,69,74088185856,allowed_within_reported_lower_bounds
qaoa,26,234,adaptive_balanced,1,1,2147483648,605.038958,8.571292,613.61025,2147485856,536873072,1610613024,34,34,69,74088185856,allowed_within_reported_lower_bounds
qaoa,26,234,adaptive_minimum,1,2,1073741824,608.505166,8.655625,617.160791,1610614944,536873072,1073742112,68,68,69,74088185856,allowed_within_reported_lower_bounds
qaoa,26,234,adaptive_balanced,2,0,2147483648,604.618834,8.88725,613.506084,2147485856,536873072,1610613024,34,34,69,74088185856,allowed_within_reported_lower_bounds
qaoa,26,234,adaptive_minimum,2,1,1073741824,608.86775,8.500625,617.368375,1610614944,536873072,1073742112,68,68,69,74088185856,allowed_within_reported_lower_bounds
qaoa,26,234,lazy,2,2,,0.756625,656.098417,656.855042,6442455368,536873072,5905582320,0,0,69,74088185856,allowed_within_reported_lower_bounds
qaoa,26,234,adaptive_minimum,3,0,1073741824,607.664834,8.866625,616.531459,1610614944,536873072,1073742112,68,68,69,74088185856,allowed_within_reported_lower_bounds
qaoa,26,234,lazy,3,1,,0.652,655.92025,656.57225,6442455368,536873072,5905582320,0,0,69,74088185856,allowed_within_reported_lower_bounds
qaoa,26,234,adaptive_balanced,3,2,2147483648,605.136666,8.636167,613.772833,2147485856,536873072,1610613024,34,34,69,74088185856,allowed_within_reported_lower_bounds
qcbm,26,234,lazy,1,0,,2.01475,445.2055,447.22025,6442457404,536873072,5905584356,0,0,42,45097156608,allowed_within_reported_lower_bounds
qcbm,26,234,adaptive_balanced,1,1,2147483648,373.44625,21.316625,394.762875,2147488464,536873072,1610615524,20,20,42,45097156608,allowed_within_reported_lower_bounds
qcbm,26,234,adaptive_minimum,1,2,1073741824,381.320458,12.982542,394.303,1610617480,536873072,1073744536,41,41,42,45097156608,allowed_within_reported_lower_bounds
qcbm,26,234,adaptive_balanced,2,0,2147483648,370.96725,21.107916,392.075166,2147488464,536873072,1610615528,20,20,42,45097156608,allowed_within_reported_lower_bounds
qcbm,26,234,adaptive_minimum,2,1,1073741824,380.580041,12.922125,393.502166,1610617480,536873072,1073744536,41,41,42,45097156608,allowed_within_reported_lower_bounds
qcbm,26,234,lazy,2,2,,1.800667,443.583416,445.384083,6442457404,536873072,5905584356,0,0,42,45097156608,allowed_within_reported_lower_bounds
qcbm,26,234,adaptive_minimum,3,0,1073741824,380.720667,12.986916,393.707583,1610617480,536873072,1073744536,41,41,42,45097156608,allowed_within_reported_lower_bounds
qcbm,26,234,lazy,3,1,,1.739958,441.292375,443.032333,6442457404,536873072,5905584356,0,0,42,45097156608,allowed_within_reported_lower_bounds
qcbm,26,234,adaptive_balanced,3,2,2147483648,373.460875,21.127,394.587875,2147488464,536873072,1610615524,20,20,42,45097156608,allowed_within_reported_lower_bounds
heisenberg,26,150,lazy,1,0,,0.458,637.3435,637.8015,6442455024,536873104,5905581944,0,0,66,70866960384,allowed_within_reported_lower_bounds
heisenberg,26,150,adaptive_balanced,1,1,2147483648,581.571667,16.635583,598.20725,2684356768,536873104,2147483936,33,33,66,70866960384,allowed_within_reported_lower_bounds
heisenberg,26,150,adaptive_minimum,1,2,1073741824,595.537125,8.5875,604.124625,2147485856,536873104,1610613016,65,65,66,70866960384,allowed_within_reported_lower_bounds
heisenberg,26,150,adaptive_balanced,2,0,2147483648,582.342834,17.148291,599.491125,2684356768,536873104,2147483936,33,33,66,70866960384,allowed_within_reported_lower_bounds
heisenberg,26,150,adaptive_minimum,2,1,1073741824,596.127041,8.899917,605.026958,2147485856,536873104,1610613016,65,65,66,70866960384,allowed_within_reported_lower_bounds
heisenberg,26,150,lazy,2,2,,0.42075,634.663208,635.083958,6442455024,536873104,5905581944,0,0,66,70866960384,allowed_within_reported_lower_bounds
heisenberg,26,150,adaptive_minimum,3,0,1073741824,595.260917,8.837375,604.098292,2147485856,536873104,1610613016,65,65,66,70866960384,allowed_within_reported_lower_bounds
heisenberg,26,150,lazy,3,1,,0.436125,636.78575,637.221875,6442455024,536873104,5905581944,0,0,66,70866960384,allowed_within_reported_lower_bounds
heisenberg,26,150,adaptive_balanced,3,2,2147483648,584.970833,17.117792,602.088625,2684356768,536873104,2147483936,33,33,66,70866960384,allowed_within_reported_lower_bounds
su2,26,272,lazy,1,0,,2.017667,426.982833,429.0005,6442457420,536873072,5905584372,0,0,42,45097156608,allowed_within_reported_lower_bounds
su2,26,272,adaptive_balanced,1,1,2147483648,367.421917,17.971625,385.393542,2147488464,536873196,1610615404,20,20,42,45097156608,allowed_within_reported_lower_bounds
su2,26,272,adaptive_minimum,1,2,1073741824,374.436834,8.67625,383.113084,1610617480,536873072,1073744544,41,41,42,45097156608,allowed_within_reported_lower_bounds
su2,26,272,adaptive_balanced,2,0,2147483648,370.77525,17.205625,387.980875,2147488464,536873072,1610615528,20,20,42,45097156608,allowed_within_reported_lower_bounds
su2,26,272,adaptive_minimum,2,1,1073741824,382.4675,8.692083,391.159583,1610617480,536873072,1073744544,41,41,42,45097156608,allowed_within_reported_lower_bounds
su2,26,272,lazy,2,2,,2.075084,429.02725,431.102334,6442457420,536873072,5905584372,0,0,42,45097156608,allowed_within_reported_lower_bounds
su2,26,272,adaptive_minimum,3,0,1073741824,375.650916,8.729542,384.380458,1610617480,536873072,1073744544,41,41,42,45097156608,allowed_within_reported_lower_bounds
su2,26,272,lazy,3,1,,2.028708,428.663084,430.691792,6442457420,536873072,5905584372,0,0,42,45097156608,allowed_within_reported_lower_bounds
su2,26,272,adaptive_balanced,3,2,2147483648,369.261833,17.148792,386.410625,2147488464,536873072,1610615528,20,20,42,45097156608,allowed_within_reported_lower_bounds
tfim,27,345,adaptive_balanced,1,0,4294967296,1794.04625,34.998083,1829.044333,4294969504,1073743984,3221225772,54,54,104,223338299392,allowed_within_reported_lower_bounds
tfim,27,345,adaptive_minimum,1,1,2147483648,1812.57975,17.480958,1830.060708,3221227680,1073743984,2147483936,103,103,104,223338299392,allowed_within_reported_lower_bounds
tfim,27,345,lazy,1,2,,0.861917,1924.086,1924.947917,12884907472,1073743984,11811163512,0,0,104,223338299392,allowed_within_reported_lower_bounds
tfim,27,345,adaptive_minimum,2,0,2147483648,1814.072959,17.022583,1831.095542,3221227680,1073743984,2147483936,103,103,104,223338299392,allowed_within_reported_lower_bounds
tfim,27,345,lazy,2,1,,0.853792,1924.135916,1924.989708,12884907472,1073743984,11811163512,0,0,104,223338299392,allowed_within_reported_lower_bounds
tfim,27,345,adaptive_balanced,2,2,4294967296,1795.346792,34.057042,1829.403834,4294969504,1073743984,3221225760,54,54,104,223338299392,allowed_within_reported_lower_bounds
tfim,27,345,lazy,3,0,,0.956917,1932.477583,1933.4345,12884907472,1073743984,11811163512,0,0,104,223338299392,allowed_within_reported_lower_bounds
tfim,27,345,adaptive_balanced,3,1,4294967296,1794.755916,34.998,1829.753916,4294969504,1073743984,3221225760,54,54,104,223338299392,allowed_within_reported_lower_bounds
tfim,27,345,adaptive_minimum,3,2,2147483648,1824.199209,17.226875,1841.426084,3221227680,1073743984,2147483936,103,103,104,223338299392,allowed_within_reported_lower_bounds
qft,27,378,adaptive_balanced,1,0,4294967296,429.829833,186.186709,616.016542,6442453152,1073743984,5368709192,12,12,26,55834574848,allowed_within_reported_lower_bounds
qft,27,378,adaptive_minimum,1,1,2147483648,434.092834,168.975583,603.068417,5368711304,1073743984,4294967352,25,25,26,55834574848,allowed_within_reported_lower_bounds
qft,27,378,lazy,1,2,,0.60475,719.585584,720.190334,12884904672,1073743984,13958644360,0,0,26,55834574848,allowed_within_reported_lower_bounds
qft,27,378,adaptive_minimum,2,0,2147483648,435.016125,168.736417,603.752542,5368711304,1073743984,4294967364,25,25,26,55834574848,allowed_within_reported_lower_bounds
qft,27,378,lazy,2,1,,0.6095,730.202125,730.811625,12884904672,1073743984,13958644360,0,0,26,55834574848,allowed_within_reported_lower_bounds
qft,27,378,adaptive_balanced,2,2,4294967296,430.129834,186.718333,616.848167,6442453152,1073743984,5368709192,12,12,26,55834574848,allowed_within_reported_lower_bounds
qft,27,378,lazy,3,0,,0.544208,727.790708,728.334916,12884904672,1073743984,13958644360,0,0,26,55834574848,allowed_within_reported_lower_bounds
qft,27,378,adaptive_balanced,3,1,4294967296,439.868792,187.773875,627.642667,6442453152,1073743984,5368709192,12,12,26,55834574848,allowed_within_reported_lower_bounds
qft,27,378,adaptive_minimum,3,2,2147483648,441.955791,175.422209,617.378,5368711304,1073743984,4294967344,25,25,26,55834574848,allowed_within_reported_lower_bounds
qaoa,27,243,adaptive_balanced,1,0,4294967296,1300.953375,34.882167,1335.835542,4294969504,1073743984,3221225768,38,38,74,158913789952,allowed_within_reported_lower_bounds
qaoa,27,243,adaptive_minimum,1,1,2147483648,1312.478416,16.95975,1329.438166,3221227680,1073743984,2147483944,73,73,74,158913789952,allowed_within_reported_lower_bounds
qaoa,27,243,lazy,1,2,,0.716917,1415.541208,1416.258125,12884906416,1073743984,11811162456,0,0,74,158913789952,allowed_within_reported_lower_bounds
qaoa,27,243,adaptive_minimum,2,0,2147483648,1293.256458,18.00825,1311.264708,3221227680,1073743984,2147483944,73,73,74,158913789952,allowed_within_reported_lower_bounds
qaoa,27,243,lazy,2,1,,0.750542,1401.119167,1401.869709,12884906416,1073743984,11811162456,0,0,74,158913789952,allowed_within_reported_lower_bounds
qaoa,27,243,adaptive_balanced,2,2,4294967296,1271.072083,34.782542,1305.854625,4294969504,1073743984,3221225792,38,38,74,158913789952,allowed_within_reported_lower_bounds
qaoa,27,243,lazy,3,0,,0.686,1389.158,1389.844,12884906416,1073743984,11811162456,0,0,74,158913789952,allowed_within_reported_lower_bounds
qaoa,27,243,adaptive_balanced,3,1,4294967296,1271.462167,34.34325,1305.805417,4294969504,1073743984,3221225768,38,38,74,158913789952,allowed_within_reported_lower_bounds
qaoa,27,243,adaptive_minimum,3,2,2147483648,1284.959666,17.288042,1302.247708,3221227680,1073743984,2147483944,73,73,74,158913789952,allowed_within_reported_lower_bounds
qcbm,27,243,adaptive_balanced,1,0,4294967296,805.8325,25.337375,831.169875,4294972208,1073743984,3221228356,23,23,45,96636764160,allowed_within_reported_lower_bounds
qcbm,27,243,adaptive_minimum,1,1,2147483648,797.266416,25.408584,822.675,3221230312,1073743984,2147486460,44,44,45,96636764160,allowed_within_reported_lower_bounds
qcbm,27,243,lazy,1,2,,2.000542,922.320958,924.3215,12884908492,1073743984,11811164532,0,0,45,96636764160,allowed_within_reported_lower_bounds
qcbm,27,243,adaptive_minimum,2,0,2147483648,806.946792,25.394833,832.341625,3221230312,1073743984,2147486460,44,44,45,96636764160,allowed_within_reported_lower_bounds
qcbm,27,243,lazy,2,1,,2.372125,923.985458,926.357583,12884908492,1073743984,11811164532,0,0,45,96636764160,allowed_within_reported_lower_bounds
qcbm,27,243,adaptive_balanced,2,2,4294967296,805.565167,25.141,830.706167,4294972208,1073743984,3221228360,23,23,45,96636764160,allowed_within_reported_lower_bounds
qcbm,27,243,lazy,3,0,,2.266084,923.484958,925.751042,12884908492,1073743984,11811164532,0,0,45,96636764160,allowed_within_reported_lower_bounds
qcbm,27,243,adaptive_balanced,3,1,4294967296,808.933375,25.2765,834.209875,4294972208,1073743984,3221228356,23,23,45,96636764160,allowed_within_reported_lower_bounds
qcbm,27,243,adaptive_minimum,3,2,2147483648,806.579625,25.69,832.269625,3221230312,1073743984,2147486460,44,44,45,96636764160,allowed_within_reported_lower_bounds
heisenberg,27,156,adaptive_balanced,1,0,4294967296,1300.755958,34.059167,1334.815125,5368711328,1073744016,4294967584,37,37,74,158913789952,allowed_within_reported_lower_bounds
heisenberg,27,156,adaptive_minimum,1,1,2147483648,1350.484625,16.938625,1367.42325,4294969504,1073744016,3221225760,73,73,74,158913789952,allowed_within_reported_lower_bounds
heisenberg,27,156,lazy,1,2,,0.488542,1583.039041,1583.527583,12884906080,1073744016,11811162088,0,0,74,158913789952,allowed_within_reported_lower_bounds
heisenberg,27,156,adaptive_minimum,2,0,2147483648,1349.56175,17.952375,1367.514125,4294969504,1073744016,3221225760,73,73,74,158913789952,allowed_within_reported_lower_bounds
heisenberg,27,156,lazy,2,1,,0.604459,1472.104583,1472.709042,12884906080,1073744016,11811162088,0,0,74,158913789952,allowed_within_reported_lower_bounds
heisenberg,27,156,adaptive_balanced,2,2,4294967296,1569.592791,38.6455,1608.238291,5368711328,1073744016,4294967584,37,37,74,158913789952,allowed_within_reported_lower_bounds
heisenberg,27,156,lazy,3,0,,0.494542,1847.208125,1847.702667,12884906080,1073744016,11811162088,0,0,74,158913789952,allowed_within_reported_lower_bounds
heisenberg,27,156,adaptive_balanced,3,1,4294967296,1932.234083,55.638125,1987.872208,5368711328,1073744016,4294967584,37,37,74,158913789952,allowed_within_reported_lower_bounds
heisenberg,27,156,adaptive_minimum,3,2,2147483648,2002.320292,25.378041,2027.698333,4294969500,1073744016,3221225756,73,73,74,158913789952,allowed_within_reported_lower_bounds
su2,27,282,adaptive_balanced,1,0,4294967296,855.074167,18.729708,873.803875,4294972208,1073743984,3221228360,23,23,45,96636764160,allowed_within_reported_lower_bounds
su2,27,282,adaptive_minimum,1,1,2147483648,934.806709,18.294333,953.101042,3221230304,1073743984,2147486460,44,44,45,96636764160,allowed_within_reported_lower_bounds
su2,27,282,lazy,1,2,,3.07225,987.325916,990.398166,12884908504,1073743984,11811164544,0,0,45,96636764160,allowed_within_reported_lower_bounds
su2,27,282,adaptive_minimum,2,0,2147483648,805.667708,18.993875,824.661583,3221230308,1073743984,2147486464,44,44,45,96636764160,allowed_within_reported_lower_bounds
su2,27,282,lazy,2,1,,2.750458,1026.134583,1028.885041,12884908504,1073743984,11811164544,0,0,45,96636764160,allowed_within_reported_lower_bounds
su2,27,282,adaptive_balanced,2,2,4294967296,889.535125,17.93225,907.467375,4294972208,1073743984,3221228360,23,23,45,96636764160,allowed_within_reported_lower_bounds
su2,27,282,lazy,3,0,,3.032792,1011.682208,1014.715,12884908504,1073743984,11811164544,0,0,45,96636764160,allowed_within_reported_lower_bounds
su2,27,282,adaptive_balanced,3,1,4294967296,859.452292,19.864292,879.316584,4294972208,1073743984,3221228360,23,23,45,96636764160,allowed_within_reported_lower_bounds
su2,27,282,adaptive_minimum,3,2,2147483648,929.930584,19.629708,949.560292,3221230304,1073743984,2147486456,44,44,45,96636764160,allowed_within_reported_lower_bounds
