width,depth,state_mib_complex128,qiskit_cpu_fastest_method,qiskit_cpu_fastest_ms,qiskit_mettleq_gpu_ms,qiskit_cpu_over_mettleq,qiskit_max_amplitude_error,qiskit_aer_method_agreement_error,pennylane_cpu_method,pennylane_cpu_ms,pennylane_mettleq_gpu_ms,pennylane_cpu_over_mettleq,pennylane_max_amplitude_error,worker_wall_s
16,3,1.0,statevector,3.759708983125165,14.7281659883447,0.25527339833761065,3.7513086437873814e-07,7.150681706108822e-11,lightning.qubit/complex128,9.00337501661852,6.2325420149136335,1.4445751019527275,3.4863173175961713e-07,1.378660416987259
18,3,4.0,statevector,12.608374992851168,20.119166001677513,0.6266847737028411,3.9845298129842536e-07,5.5475517467516416e-11,lightning.qubit/complex128,46.53766698902473,12.542582990135998,3.710373455421731,3.960104948017509e-07,2.505467459006468
20,3,16.0,statevector,47.57437499938533,35.859083000104874,1.3267036136770756,4.0235735543240704e-07,5.847590078811975e-11,lightning.qubit/complex128,118.46062500262633,10.674709017621353,11.097316545779055,3.034217028336857e-07,4.728701125015505
22,3,64.0,statevector,138.07591699878685,43.70041599031538,3.159601890961093,1.4665558392206827e-07,4.9453341997552164e-11,lightning.qubit/complex128,470.72495898464695,28.65270900656469,16.428637127358463,3.352966287403981e-07,12.099364000023343
24,3,256.0,statevector,687.5541250046808,150.98012500675395,4.553937976762993,1.993699068121095e-07,,lightning.qubit/complex128,2027.4972920014989,108.34579198854044,18.713207544008206,1.6335527306026214e-07,13.406877250003163
26,3,1024.0,statevector,2257.4332910007797,530.394500005059,4.256140082484355,2.602745286441848e-07,,lightning.qubit/complex128,8360.267959011253,434.7645829839166,19.229413540616132,7.523975451468097e-08,48.49681891698856
27,3,2048.0,statevector,3954.558083001757,1110.417084011715,3.561326766258611,2.213747848982219e-07,,lightning.qubit/complex128,17369.837584003108,955.1184169831686,18.186056592717975,1.4112075277291112e-07,98.9176333330106
28,3,4096.0,statevector,5833.565791981528,2059.439917007694,2.832598195172175,8.58858402149887e-08,,lightning.qubit/complex128,35927.70525001106,1696.5281250013504,21.17719401202527,1.2236306179206501e-07,189.69580158399185
29,3,8192.0,statevector,14252.833083010046,5203.5750829963945,2.7390463009909682,1.3330091315401016e-07,,lightning.qubit/complex128,74375.38591702469,4646.92808399559,16.00528017060986,1.199543456958485e-07,423.0111876670271
