case,n_qubits,topology,depth,implementation,repeat,time_ms,shots,expected_peak,expected_peak_probability,observed_peak_probability,absolute_probability_error,top_bitstring,recovered_expected_peak
linear_6q,6,linear,2,qiskit_aer_mps_cpu,0,2.624166998430155,1024,010011,0.9622884491769289,0.9658203125,0.003531863323071094,010011,True
linear_6q,6,linear,2,mettleq_mps_cpu,0,13.67879199096933,1024,010011,0.9622884491769289,0.9580078125,0.004280636676928906,010011,True
linear_6q,6,linear,2,mettleq_mps_cpu,1,12.79358399915509,1024,010011,0.9622884491769289,0.955078125,0.007210324176928906,010011,True
linear_6q,6,linear,2,qiskit_aer_mps_cpu,1,2.7394159988034517,1024,010011,0.9622884491769289,0.9609375,0.0013509491769289061,010011,True
linear_6q,6,linear,2,qiskit_aer_mps_cpu,2,2.6554170035524294,1024,010011,0.9622884491769289,0.9599609375,0.002327511676928906,010011,True
linear_6q,6,linear,2,mettleq_mps_cpu,2,12.501290999352932,1024,010011,0.9622884491769289,0.9697265625,0.007438113323071094,010011,True
grid_6q,6,grid,2,mettleq_mps_cpu,0,11.975999994319864,1024,010011,0.9622884491769289,0.9580078125,0.004280636676928906,010011,True
grid_6q,6,grid,2,qiskit_aer_mps_cpu,0,2.7596250001806766,1024,010011,0.9622884491769289,0.962890625,0.0006021758230710939,010011,True
grid_6q,6,grid,2,qiskit_aer_mps_cpu,1,2.995875009219162,1024,010011,0.9622884491769289,0.966796875,0.004508425823071094,010011,True
grid_6q,6,grid,2,mettleq_mps_cpu,1,11.93891699949745,1024,010011,0.9622884491769289,0.955078125,0.007210324176928906,010011,True
grid_6q,6,grid,2,mettleq_mps_cpu,2,13.989334009238519,1024,010011,0.9622884491769289,0.9697265625,0.007438113323071094,010011,True
grid_6q,6,grid,2,qiskit_aer_mps_cpu,2,3.0849579925416037,1024,010011,0.9622884491769289,0.962890625,0.0006021758230710939,010011,True
long_range_6q,6,long_range,2,qiskit_aer_mps_cpu,0,2.8142080118414015,1024,010011,0.9622884491769289,0.9658203125,0.003531863323071094,010011,True
long_range_6q,6,long_range,2,mettleq_mps_cpu,0,19.068541005253792,1024,010011,0.9622884491769289,0.9580078125,0.004280636676928906,010011,True
long_range_6q,6,long_range,2,mettleq_mps_cpu,1,16.076041996711865,1024,010011,0.9622884491769289,0.955078125,0.007210324176928906,010011,True
long_range_6q,6,long_range,2,qiskit_aer_mps_cpu,1,2.9963340057292953,1024,010011,0.9622884491769289,0.9609375,0.0013509491769289061,010011,True
long_range_6q,6,long_range,2,qiskit_aer_mps_cpu,2,3.032084001461044,1024,010011,0.9622884491769289,0.9599609375,0.002327511676928906,010011,True
long_range_6q,6,long_range,2,mettleq_mps_cpu,2,15.032750001410022,1024,010011,0.9622884491769289,0.9697265625,0.007438113323071094,010011,True
all_to_all_6q,6,all_to_all,2,mettleq_mps_cpu,0,32.571500007179566,1024,010011,0.9622884491769289,0.9580078125,0.004280636676928906,010011,True
all_to_all_6q,6,all_to_all,2,qiskit_aer_mps_cpu,0,4.222082992782816,1024,010011,0.9622884491769289,0.9658203125,0.003531863323071094,010011,True
all_to_all_6q,6,all_to_all,2,qiskit_aer_mps_cpu,1,3.987999996752478,1024,010011,0.9622884491769289,0.9609375,0.0013509491769289061,010011,True
all_to_all_6q,6,all_to_all,2,mettleq_mps_cpu,1,32.312249997630715,1024,010011,0.9622884491769289,0.955078125,0.007210324176928906,010011,True
all_to_all_6q,6,all_to_all,2,mettleq_mps_cpu,2,31.793334012036212,1024,010011,0.9622884491769289,0.9697265625,0.007438113323071094,010011,True
all_to_all_6q,6,all_to_all,2,qiskit_aer_mps_cpu,2,3.944334006519057,1024,010011,0.9622884491769289,0.9599609375,0.002327511676928906,010011,True
linear_8q,8,linear,2,qiskit_aer_mps_cpu,0,3.992875004769303,1024,01001100,0.9500366589899866,0.9521484375,0.002111778510013429,01001100,True
linear_8q,8,linear,2,mettleq_mps_cpu,0,20.449415998882614,1024,01001100,0.9500366589899866,0.9462890625,0.003747596489986571,01001100,True
linear_8q,8,linear,2,mettleq_mps_cpu,1,20.72000000043772,1024,01001100,0.9500366589899866,0.943359375,0.006677283989986571,01001100,True
linear_8q,8,linear,2,qiskit_aer_mps_cpu,1,4.612332995748147,1024,01001100,0.9500366589899866,0.951171875,0.001135216010013429,01001100,True
linear_8q,8,linear,2,qiskit_aer_mps_cpu,2,3.396416999748908,1024,01001100,0.9500366589899866,0.9443359375,0.005700721489986571,01001100,True
linear_8q,8,linear,2,mettleq_mps_cpu,2,23.251874998095445,1024,01001100,0.9500366589899866,0.95703125,0.006994591010013429,01001100,True
grid_8q,8,grid,2,mettleq_mps_cpu,0,20.38337499834597,1024,01001100,0.9500366589899866,0.9462890625,0.003747596489986571,01001100,True
grid_8q,8,grid,2,qiskit_aer_mps_cpu,0,4.292291996534914,1024,01001100,0.9500366589899866,0.9560546875,0.006018028510013429,01001100,True
grid_8q,8,grid,2,qiskit_aer_mps_cpu,1,2.9295419953996316,1024,01001100,0.9500366589899866,0.95703125,0.006994591010013429,01001100,True
grid_8q,8,grid,2,mettleq_mps_cpu,1,22.062624993850477,1024,01001100,0.9500366589899866,0.943359375,0.006677283989986571,01001100,True
grid_8q,8,grid,2,mettleq_mps_cpu,2,21.485999997821636,1024,01001100,0.9500366589899866,0.95703125,0.006994591010013429,01001100,True
grid_8q,8,grid,2,qiskit_aer_mps_cpu,2,3.4265830036019906,1024,01001100,0.9500366589899866,0.9462890625,0.003747596489986571,01001100,True
long_range_8q,8,long_range,2,qiskit_aer_mps_cpu,0,3.2843749941093847,1024,01001100,0.9500366589899866,0.955078125,0.005041466010013429,01001100,True
long_range_8q,8,long_range,2,mettleq_mps_cpu,0,29.88141700916458,1024,01001100,0.9500366589899866,0.9462890625,0.003747596489986571,01001100,True
long_range_8q,8,long_range,2,mettleq_mps_cpu,1,33.37795801053289,1024,01001100,0.9500366589899866,0.943359375,0.006677283989986571,01001100,True
long_range_8q,8,long_range,2,qiskit_aer_mps_cpu,1,16.715749996365048,1024,01001100,0.9500366589899866,0.9580078125,0.007971153510013429,01001100,True
long_range_8q,8,long_range,2,qiskit_aer_mps_cpu,2,17.736374997184612,1024,01001100,0.9500366589899866,0.9482421875,0.001794471489986571,01001100,True
long_range_8q,8,long_range,2,mettleq_mps_cpu,2,95.9314999927301,1024,01001100,0.9500366589899866,0.95703125,0.006994591010013429,01001100,True
all_to_all_8q,8,all_to_all,2,mettleq_mps_cpu,0,76.48133300244808,1024,01001100,0.9500366589899866,0.9462890625,0.003747596489986571,01001100,True
all_to_all_8q,8,all_to_all,2,qiskit_aer_mps_cpu,0,14.71566699910909,1024,01001100,0.9500366589899866,0.9521484375,0.002111778510013429,01001100,True
all_to_all_8q,8,all_to_all,2,qiskit_aer_mps_cpu,1,16.40820900502149,1024,01001100,0.9500366589899866,0.951171875,0.001135216010013429,01001100,True
all_to_all_8q,8,all_to_all,2,mettleq_mps_cpu,1,94.1734169900883,1024,01001100,0.9500366589899866,0.943359375,0.006677283989986571,01001100,True
all_to_all_8q,8,all_to_all,2,mettleq_mps_cpu,2,76.8434579949826,1024,01001100,0.9500366589899866,0.95703125,0.006994591010013429,01001100,True
all_to_all_8q,8,all_to_all,2,qiskit_aer_mps_cpu,2,16.98004199715797,1024,01001100,0.9500366589899866,0.9443359375,0.005700721489986571,01001100,True
linear_10q,10,linear,2,qiskit_aer_mps_cpu,0,3.7037089932709932,1024,0100110010,0.9379408577509665,0.9462890625,0.008348204749033528,0100110010,True
linear_10q,10,linear,2,mettleq_mps_cpu,0,28.19666599680204,1024,0100110010,0.9379408577509665,0.9296875,0.008253357750966472,0100110010,True
linear_10q,10,linear,2,mettleq_mps_cpu,1,26.920499993138947,1024,0100110010,0.9379408577509665,0.935546875,0.0023939827509664724,0100110010,True
linear_10q,10,linear,2,qiskit_aer_mps_cpu,1,3.9583329926244915,1024,0100110010,0.9379408577509665,0.939453125,0.0015122672490335276,0100110010,True
linear_10q,10,linear,2,qiskit_aer_mps_cpu,2,3.7409999931696802,1024,0100110010,0.9379408577509665,0.9443359375,0.006395079749033528,0100110010,True
linear_10q,10,linear,2,mettleq_mps_cpu,2,25.798583999858238,1024,0100110010,0.9379408577509665,0.9453125,0.007371642249033528,0100110010,True
grid_10q,10,grid,2,mettleq_mps_cpu,0,43.466458999319,1024,0100110010,0.9379408577509665,0.9296875,0.008253357750966472,0100110010,True
grid_10q,10,grid,2,qiskit_aer_mps_cpu,0,4.149375003180467,1024,0100110010,0.9379408577509665,0.9482421875,0.010301329749033528,0100110010,True
grid_10q,10,grid,2,qiskit_aer_mps_cpu,1,3.947542005334981,1024,0100110010,0.9379408577509665,0.939453125,0.0015122672490335276,0100110010,True
grid_10q,10,grid,2,mettleq_mps_cpu,1,43.97316700487863,1024,0100110010,0.9379408577509665,0.935546875,0.0023939827509664724,0100110010,True
grid_10q,10,grid,2,mettleq_mps_cpu,2,43.6765420017764,1024,0100110010,0.9379408577509665,0.9453125,0.007371642249033528,0100110010,True
grid_10q,10,grid,2,qiskit_aer_mps_cpu,2,4.30512499588076,1024,0100110010,0.9379408577509665,0.9365234375,0.0014174202509664724,0100110010,True
long_range_10q,10,long_range,2,qiskit_aer_mps_cpu,0,4.021332992124371,1024,0100110010,0.9379408577509665,0.951171875,0.013231017249033528,0100110010,True
long_range_10q,10,long_range,2,mettleq_mps_cpu,0,30.35562500008382,1024,0100110010,0.9379408577509665,0.9296875,0.008253357750966472,0100110010,True
long_range_10q,10,long_range,2,mettleq_mps_cpu,1,29.973083990626037,1024,0100110010,0.9379408577509665,0.935546875,0.0023939827509664724,0100110010,True
long_range_10q,10,long_range,2,qiskit_aer_mps_cpu,1,3.804500011028722,1024,0100110010,0.9379408577509665,0.9482421875,0.010301329749033528,0100110010,True
long_range_10q,10,long_range,2,qiskit_aer_mps_cpu,2,3.7377499975264072,1024,0100110010,0.9379408577509665,0.92578125,0.012159607750966472,0100110010,True
long_range_10q,10,long_range,2,mettleq_mps_cpu,2,30.113999993773177,1024,0100110010,0.9379408577509665,0.9453125,0.007371642249033528,0100110010,True
all_to_all_10q,10,all_to_all,2,mettleq_mps_cpu,0,174.3744169943966,1024,0100110010,0.9379408577509665,0.9296875,0.008253357750966472,0100110010,True
all_to_all_10q,10,all_to_all,2,qiskit_aer_mps_cpu,0,69.49266699666623,1024,0100110010,0.9379408577509665,0.9462890625,0.008348204749033528,0100110010,True
all_to_all_10q,10,all_to_all,2,qiskit_aer_mps_cpu,1,67.26979199447669,1024,0100110010,0.9379408577509665,0.939453125,0.0015122672490335276,0100110010,True
all_to_all_10q,10,all_to_all,2,mettleq_mps_cpu,1,187.1607080101967,1024,0100110010,0.9379408577509665,0.935546875,0.0023939827509664724,0100110010,True
all_to_all_10q,10,all_to_all,2,mettleq_mps_cpu,2,149.0258330013603,1024,0100110010,0.9379408577509665,0.9453125,0.007371642249033528,0100110010,True
all_to_all_10q,10,all_to_all,2,qiskit_aer_mps_cpu,2,66.87729198893066,1024,0100110010,0.9379408577509665,0.9443359375,0.006395079749033528,0100110010,True
